,shipment_volume_kg,distance_km,transport_mode,region,fuel_cost,estimated_delivery_days,actual_delivery_days,predicted_delivery_days,prediction_error
1935,23.46433654553629,139.38323456849216,Road,Central,36.45478974966496,4.834889665962213,4.2121790140898,4.766637269638421,0.5544582555486208
6494,169.51487542216793,1067.0677476543892,Road,Central,214.6128224427937,14.569799319374509,10.512665923931252,10.553408680681095,0.04074275674984307
1720,102.93325107228722,127.13371269517964,Road,North,59.65833536550943,7.206252616894948,4.547353301526458,5.636029721591095,1.0886764200646368
9120,108.24542387808964,596.0054902115666,Road,Central,189.21757707113755,8.670402219038161,7.116629302589422,7.286092694941238,0.1694633923518163
360,129.31073458780597,284.6521045369707,Air,South,167.3359629018553,4.829285302949369,3.6949144043268154,4.247490219417695,0.5525758150908793
9663,97.78181537248408,213.62817729324505,Air,North,81.51657815879166,4.369088559595197,2.795438882419539,4.0696286617046,1.2741897792850612
5277,104.75502280127354,482.5706459121056,Rail,South,66.05926420207183,10.048038984203885,9.182120154715168,7.951382656939384,-1.2307374977757837
8546,69.06328782304654,749.577031625872,Air,Central,289.57560713929865,13.370686442774094,8.31698287708816,8.557255956540546,0.24027307945238618
2221,233.81138808144576,282.7523102602182,Sea,East,48.31164076319436,8.647269109777326,7.196061016934716,8.615651364157747,1.4195903472230311
4617,179.14662958403187,285.80458682472994,Road,Central,67.49199175456296,8.329805404841755,3.843434205883782,6.349660755390747,2.5062265495069656
3465,100.7936845266024,529.8210051952296,Rail,West,72.47496993840905,9.7877451618609,7.526409428474851,8.058322444143492,0.5319130156686409
1408,84.28354627900775,461.776998246208,Road,East,115.09812075905768,8.257580442136295,7.470138827796461,7.069621273135424,-0.4005175546610369
468,83.56718578749486,127.54949544985274,Road,South,20.0,1.1703301139801252,3.346394496705043,3.3393474288242597,-0.007047067880783242
1175,80.81889807995017,149.46274028275644,Rail,East,99.90578136388594,5.259472753596797,6.844464089291159,5.802894929704034,-1.0415691595871248
5224,138.63975871418478,358.44818374800303,Sea,South,56.60273100963544,4.469852019016433,8.16348977679338,6.979822731136703,-1.1836670456566774
8128,158.86531482632253,1443.257133153163,Road,Central,368.22078657700575,13.176805884151957,11.022572596247494,11.043676314068975,0.021103717821480572
424,177.095511462829,214.5105605611039,Rail,North,20.0,7.691708681307229,5.099450001288999,6.595996258092125,1.4965462568031258
7047,176.92768674121498,505.43008585160027,Road,North,130.5520047901221,7.748987651869205,7.1882695519619055,6.788195797922283,-0.40007375403962264
2483,54.08595421451017,366.4277343903632,Road,North,117.06206142983054,6.9468474415821575,5.50260547190815,6.168718503556964,0.6661130316488144
1825,134.68360580226368,1256.4134198482072,Road,East,303.5828159102129,10.998309045078642,9.079102558458176,10.07382222189682,0.9947196634386444
10557,192.86858316681915,456.6386936848586,Rail,Central,114.54733366302898,8.12817710805139,5.945305561557431,7.301472221691275,1.3561666601338436
1483,92.91648295692418,924.967179456756,Road,North,263.1181966867387,8.183611480925371,6.245825465135116,8.039224640375812,1.7933991752406957
9290,207.78808059930597,625.6942466432662,Sea,East,138.34361728202646,8.2160948571068,8.899828435636545,9.352820293760322,0.4529918581237773
9709,222.360640663215,470.4027431460839,Air,East,214.26981071710588,6.907662470345622,7.241198319364654,5.818201369573833,-1.4229969497908206
1650,66.37400533641761,377.2404525033722,Road,North,101.68697314532722,8.099441382344988,6.960576437570259,6.597568131082638,-0.36300830648762084
9786,146.37819713388686,263.717521023982,Rail,North,43.96481238775839,1.3311679040148778,5.4961133506993765,4.4921716514931695,-1.003941699206207
2813,115.31081004087709,436.9988224091224,Road,North,84.75715820932999,5.184747107413398,4.37889440190364,5.714892376614452,1.3359979747108124
3704,55.37264454225797,158.5355411210667,Road,Central,153.04236749666933,3.052143303263652,5.495335724443943,4.200308711698659,-1.295027012745284
6118,120.84088503541815,392.7723008453218,Rail,South,69.13950008946229,7.566354727908318,3.846752288449188,6.848321774533404,3.001569486084216
5042,80.78450878433604,181.53786489762675,Road,North,20.0,7.924281115632203,3.6104344079687456,6.02450878687992,2.4140743789111747
11208,81.09410148486613,551.4257059568611,Road,North,122.00210674517294,8.669324337523136,9.658394276629611,7.241697642083613,-2.416696634545998
7238,137.17795962185275,454.5088306786128,Sea,West,24.394162866786484,7.233076685696789,8.08353458108891,8.268342917604404,0.1848083365154931
11505,163.7664357536052,193.100860540045,Road,Central,20.0,4.1744353955053874,3.344895526347695,4.648020958771506,1.3031254324238106
11074,104.97868217233253,341.9783349455852,Road,South,61.66443939161771,7.846458131074699,4.835258380716768,6.235343315058177,1.4000849343414092
10996,75.01099076652251,367.8601678193149,Air,Central,76.56625572881998,8.272778175388673,5.855368799095678,5.762418407290858,-0.09295039180481979
4999,80.63234209302216,422.1327555713961,Road,East,66.19502873945397,5.00981918748596,5.589047026197642,5.820185857269745,0.2311388310721032
8480,45.82304241585464,281.73784464884653,Air,North,198.60091135869047,4.694695615816,5.4543198850880135,4.3816702511434045,-1.072649633944609
9267,133.28996435890664,583.4981049738059,Rail,South,74.0322952418386,3.554381996844421,7.144483749165469,5.921292254746017,-1.223191494419452
8398,72.92373381764887,406.0794251997915,Air,Central,140.33245317270226,4.843336797403786,4.713313226257144,4.662933184477195,-0.050380041779948925
2631,37.16986987006242,1560.8526099764476,Air,West,684.6761194648766,11.22245782792352,10.65614035473556,9.9055058643354,-0.7506344904001612
3131,174.20731715553612,386.0144514724629,Sea,Central,20.0,8.569460335753423,10.821718412594135,8.5785055243022,-2.2432128882919358
9583,100.3539384106604,256.21938204509416,Road,North,44.04192017281957,0.7136642505530926,3.880836101367551,3.6791355095770237,-0.20170059179052746
8218,177.16996525989768,1689.0105598615814,Air,South,671.0164240097972,10.812148454176182,11.188470423549523,9.987797117364185,-1.2006733061853385
9276,95.17328223049005,674.3281801726519,Road,South,73.01670446215786,7.068558666045613,9.05330642972874,6.810043199972356,-2.2432632297563844
3813,108.6271077907067,510.7694135113088,Rail,West,109.63248642741657,7.255169532212378,7.639780523128961,7.123351943649769,-0.5164285794791912
5886,145.38289968415646,457.5237327318178,Road,East,114.90770334952188,6.6262996285265405,5.749625575022808,6.476107274288995,0.7264816992661869
5082,116.14648307685478,211.7738300848253,Road,Central,44.5390140186498,7.574417934188116,6.160868892512468,5.901717770198106,-0.2591511223143623
11815,225.70453144682924,649.4780124207882,Sea,East,54.916656247043605,12.622052724443458,10.803597135583052,10.948285383752262,0.14468824816921
8823,83.09677723892835,702.664056997692,Road,North,253.9053600266722,8.350755847076844,7.973355541936948,7.532786147135638,-0.44056939480131074
1217,103.94459292237006,457.4006517390607,Rail,West,59.58827501399591,7.2726227379855555,9.556374602225697,6.987321901383927,-2.5690527008417696
3991,142.61489642956798,384.78868256932265,Road,North,86.40824156076935,9.962532800760776,6.084619484005548,7.258603298631632,1.1739838146260846
11147,78.14933129641668,317.74380636028616,Road,South,144.95634863141953,8.997227436587838,6.325617062035692,6.594227825152123,0.2686107631164303
7615,147.87626942278888,193.24433484183615,Road,East,44.89093004530506,4.634563243493583,5.776404776120253,5.093201960920004,-0.6832028152002492
10691,201.71346492597337,222.06318507186973,Sea,North,100.50987865494982,11.84557313387302,10.480313873854566,9.396083082640402,-1.0842307912141642
10184,93.09825318858164,158.76729208043193,Air,West,49.81813759917618,4.2717220625801255,3.2247715167457267,3.7966547130921633,0.5718831963464366
1683,87.77454492269828,341.657361596264,Road,Central,45.02942650382548,9.2440302571486,6.651264149430736,6.823443383317505,0.17217923388676937
4574,23.9270066641116,179.61857922329838,Road,West,32.75843668881456,3.6897164957364046,2.0103579089503167,4.445191966268522,2.4348340573182057
11540,52.55133263051556,213.52737109225427,Air,Central,134.003414022857,2.442476395360769,2.895113302636217,3.33099417902974,0.43588087639352313
10750,62.72744691118497,214.16240710548425,Air,East,110.05176426297292,5.215898238187555,4.327377077645052,4.580181530098265,0.2528044524532129
11283,103.30425624841604,698.4175169516549,Road,North,115.50314407927198,8.64935203155405,8.57380496288274,7.604306763564612,-0.969498199318128
7562,86.05022552424771,425.3941105922187,Road,North,106.92741192336,7.001234256702841,4.957020184056594,6.331665421403946,1.3746452373473517
5903,105.19344566428032,252.89836495597697,Road,South,131.02039000409962,5.365411323214633,5.7010229085349895,5.146109497794643,-0.5549134107403466
2582,42.5684293974664,913.0042315671268,Road,East,235.30661183580327,10.012703303846818,8.311832036743521,8.857664720248241,0.5458326835047203
3002,35.28657913908774,518.7631552762945,Road,South,100.51551858996616,6.016383208303355,6.257777759593893,6.057102963647306,-0.20067479594658622
10043,44.99283555809623,428.42875420968943,Road,East,131.40601972438668,8.986317810478981,8.250320518043363,7.249192536546311,-1.001127981497052
2087,41.216498326243816,818.4326780722643,Road,West,186.65782809716865,7.933516352281214,7.042797912375631,7.581654000775961,0.5388560884003297
8928,53.616884903274496,565.3549997932025,Road,North,141.62533379629065,7.094935569065594,5.731223278013086,6.730269581643347,0.9990463036302604
4148,35.99839308526367,482.4629678675205,Road,West,109.52095374017024,7.115541209627832,6.312319166294318,6.429339543731843,0.11702037743752491
135,45.03711770199924,515.7216604696259,Road,South,146.13406299185365,7.065659064310286,7.173373827363818,6.423448352170608,-0.7499254751932103
9917,231.80875023986653,841.5244647933571,Sea,North,73.2834396765073,10.856920748951326,10.415135719820372,10.615472651588082,0.20033693176771017
1743,169.0024756212593,652.9936948063842,Rail,North,79.56060852217206,9.752869158332452,7.816630112572273,8.445675782619176,0.6290456700469029
7341,99.42129600552366,90.33340295500084,Rail,South,20.0,7.421532814766934,2.667674168840461,6.0243875475874855,3.3567133787470245
10874,102.45131300622604,1135.338297269137,Rail,Central,174.22247150748765,11.413983205273595,10.835174881021754,10.204856469958813,-0.630318411062941
3707,119.32488126308834,256.8775120569548,Road,South,45.003531240298514,10.92839143825116,7.412153647173579,7.098300404063403,-0.3138532431101755
5470,145.53260652341612,373.1350103702569,Air,West,102.15505305499543,1.0000813122187402,2.91879343989949,3.190998307646238,0.2722048677467477
700,83.07675691896867,583.7027110268342,Road,East,166.0231355472691,9.219962888378952,9.970778349819527,7.725584099795167,-2.24519425002436
8557,125.1240165234978,601.1041996344976,Rail,East,91.4987310610304,10.110914470313984,9.963556140115246,8.649948574427622,-1.313607565687624
11715,221.8575475937142,466.6743781521643,Sea,South,60.87164887829336,9.760233767915068,7.569667982767923,9.10397681380324,1.5343088310353163
1608,97.66264808423784,329.23720478493635,Road,South,82.70857551793846,5.123907829668365,5.253812185917741,5.249540042810453,-0.004272143107288073
5863,99.07682557209093,730.1466138019287,Road,East,127.30862673458688,9.538018630897083,8.755458898472765,8.202000198064972,-0.5534587004077931
429,95.45500414626972,252.4482124477425,Rail,North,94.50724558457148,8.314942561949007,6.649202911510548,6.934269788391411,0.2850668768808635
4023,78.24120443340264,259.98271087059686,Road,Central,69.17729181161337,9.391494108459638,7.252902086035479,6.672434664746022,-0.5804674212894572
6688,84.19091000224107,1201.2360537202055,Road,East,238.66464930542645,9.021409297559035,8.034631129137912,9.236423746402615,1.2017926172647027
4100,217.52925571156504,285.8361540185924,Rail,West,20.0,5.077402599075858,5.486291361213147,5.7566573146779705,0.2703659534648235
8875,44.36012348264571,332.76742574572705,Road,North,97.56387748289578,6.367015892772885,4.984757809162312,5.8778489201344595,0.8930911109721471
8514,69.93169034910451,1020.7131913922688,Rail,South,174.51028570253328,12.659282970985648,9.117424799844342,10.25885995605136,1.1414351562070184
9649,118.63316370628333,840.0130061770608,Rail,North,115.57305317352832,14.668161407470508,12.838945454270302,10.662449934673216,-2.1764955195970863
2270,109.01584415386296,96.62962037444194,Road,North,33.319928637125734,-0.2546921663016119,4.041863374267675,2.9299199794091026,-1.1119433948585722
7692,233.95831305900123,396.6065871646592,Road,South,91.34161705934288,3.2520585187343176,5.616778163785939,4.743778916376274,-0.8729992474096644
70,59.285078866942285,1397.4354760905376,Road,West,302.3487687522252,8.307632630864495,9.474920597489106,9.199546415381302,-0.27537418210780373
5720,222.7784026749181,607.1739885443118,Sea,North,82.38850440069749,8.804444394089614,8.945556217584144,9.300287657516574,0.3547314399324293
10747,49.18853685824425,330.572887286369,Road,Central,93.9830427785181,4.103738972074846,3.2170049686782614,5.00014637488195,1.783141406203689
10152,181.5543837532402,343.2065407285458,Sea,South,20.0,8.626020674098124,7.555296741502824,8.391193433104416,0.835896691601592
11957,64.5595366753327,252.57238127370115,Road,Central,42.88654100198224,3.9464331153097554,5.837479807283355,4.736918149460113,-1.100561657823242
9137,141.2096589046174,936.9868734138232,Rail,South,124.10389948428808,8.952420294903549,9.081847329703724,8.72463636074883,-0.35721096895489346
2019,85.43051794175179,331.047905810034,Road,West,63.77936714195767,6.103201055685934,5.900636360134443,5.674465013831906,-0.22617134630253677
9836,96.56092401799938,306.1991423797511,Rail,Central,20.0,6.308492616370282,6.272613135661225,6.279606615537261,0.006993479876036268
11351,69.24312268631219,340.1493201858415,Road,North,53.19468626039598,8.65794123079598,6.894023322252487,6.692323042889707,-0.2017002793627798
6702,49.35655821329571,332.0278426669157,Road,South,67.8344938524193,5.546470753963655,6.099213980172374,5.410222749235244,-0.6889912309371304
4029,118.81043283372952,320.5796301520184,Air,South,158.42399418364303,4.309861166926733,3.1448842399110686,4.156459493329082,1.0115752534180138
7759,233.0386306719942,409.1167627834197,Road,North,95.91778426510125,3.319501831094515,3.507565296523749,4.972303217300591,1.4647379207768418
11690,72.1837529391908,281.3355258142966,Road,South,20.0,2.675634475204319,4.145366163463583,4.261510568482244,0.11614440501866063
8483,78.08000328176372,217.42173935431668,Road,Central,34.397112124158284,5.515814550534659,3.0818975783618536,5.196253206487725,2.1143556281258715
3858,107.1559042452255,325.0678848879799,Road,South,51.52655196670234,7.379476097431619,6.070198963870258,6.026343416488263,-0.0438555473819946
744,89.12389781988844,1576.1843943437727,Air,South,727.4055147624757,10.865686660213935,9.068684808667282,9.740662727166868,0.6719779184995858
1383,95.0991143461232,465.4139894333216,Road,South,102.11689523585024,8.881286076949614,5.495664344768579,6.920405865206422,1.424741520437843
5643,206.08715716598783,143.91724973067988,Road,South,53.651673479866105,4.950082882993854,3.800531041651392,4.697042143832687,0.8965111021812948
8685,191.24638508839695,588.3022709609068,Road,East,137.96461606669908,9.70087509102295,6.774846426643339,7.886519570333523,1.1116731436901848
10613,89.52726954835299,809.5812480741602,Road,South,181.38812604772832,7.27639254989921,7.192447902414918,7.243375917265502,0.050928014850583736
149,101.95608498096637,71.63924628282945,Road,South,59.9765776365597,5.938846043131485,5.132265204060359,4.877159532811556,-0.25510567124880357
11879,165.36361588197022,837.7007308156612,Rail,Central,167.07311742823012,7.089044629696402,7.480290921374173,7.916650908919718,0.4363599875455453
811,127.82385436726042,360.6837534820009,Rail,Central,52.41108356068823,9.529328758672897,5.83959240185597,7.550907438845788,1.7113150369898174
5900,39.65475498977674,294.9975347759114,Road,West,47.64279696998652,4.469975674441754,4.721366836787149,5.012832032456251,0.2914651956691028
4328,203.17991383760724,749.1614109654137,Rail,North,48.55752137854097,15.861837970462702,10.181412534067816,10.829225151059271,0.6478126169914553
6373,123.56970385642484,259.5290338942003,Sea,Central,76.90628293085393,7.735886662492561,7.63542616197182,7.97922924201281,0.34380308004099014
3995,29.08744602132407,363.8512613446787,Road,East,51.86818206586943,7.707267268086741,6.97603660746668,6.626144919276527,-0.34989168819015326
4382,126.5094341793381,542.0108218770605,Road,East,122.09251725086486,7.078167830297906,6.319264080473666,6.853681617796876,0.5344175373232094
1730,99.23805897752604,221.73545914532943,Road,South,33.72104225422336,8.306024269143975,5.200378791005104,6.088030696953935,0.8876519059488315
4359,26.58175919207144,407.2055987725755,Air,North,167.8956721719354,9.579034029331702,4.574960962258087,6.41694316079743,1.841982198539343
5027,54.20699655109319,725.8129156636662,Air,North,301.9089291288792,7.283155660239741,7.780507680566204,6.434826281666963,-1.3456813988992415
1793,70.1525516887108,54.42010077097749,Air,West,60.57916134475819,7.396563062136302,4.206022832498604,4.6351417743554295,0.4291189418568253
9079,85.86253345616824,494.68046001390536,Road,North,154.2811142534894,5.118360851464009,5.453907883274617,5.8524720921197515,0.39856420884513444
5466,54.74581129917168,115.40501140831628,Road,West,23.21312644004651,4.796474851626713,5.70740099734613,4.66522711498442,-1.04217388236171
11127,112.20880222203172,410.2398874462529,Road,South,83.50387116938109,5.56913190067551,4.921835651502147,5.610095913523235,0.688260262021088
8486,32.259329366305245,84.35575478393628,Road,North,43.56396178820488,6.307400556934045,4.603429585600015,5.219218019146712,0.6157884335466974
1121,41.91781622129109,843.0250667007126,Road,Central,275.05704033231643,7.505111614863742,7.067295244239721,7.526464578148626,0.45916933390890424
4618,38.752990783475816,169.6448339055154,Road,South,67.56689297717539,9.63312746162881,4.4398493321126455,6.435985266176175,1.9961359340635294
5937,82.78133367584827,175.60928657856084,Road,North,24.393771889486715,3.9255842843110207,2.1032171754891618,4.603491102433036,2.5002739269438745
9527,39.26564327146936,770.0281950985006,Air,North,365.6800491227871,12.861647208893125,9.159436024710462,8.520414707040935,-0.6390213176695276
2034,180.54190902333391,436.9173251019154,Road,West,142.05826361150895,7.491661597508884,5.844489951641864,6.429185542773444,0.5846955911315801
3126,177.96444035591227,443.1368728512712,Rail,West,68.21707500808517,8.60087392737887,9.67898489189878,7.408524812601654,-2.270460079297126
11064,69.12924124842469,313.3019634579581,Road,North,81.78502383127189,4.444986957381226,4.979653300035104,5.146513170278254,0.16685987024315008
11822,143.57091658710843,259.4902729135528,Air,East,105.91968434133148,3.5931897159443773,6.060946606743981,4.112312045589448,-1.9486345611545328
3827,300.8746474317624,380.1898649585368,Road,East,81.02337003746432,7.847585324550583,4.695097506757882,6.681267723205899,1.9861702164480164
4367,54.61308713841271,310.9920771932859,Road,East,73.47788616848457,8.27119855449472,6.15643469191117,6.689370196593627,0.5329355046824569
5297,69.15398186648774,156.6249701410379,Air,West,111.03455432009687,4.996178143939623,3.750494091599032,4.058226368136035,0.30773227653700275
3210,228.86191507896456,429.2151963683152,Sea,North,52.4644659082042,10.14498970017885,9.84062444485316,9.314000652406694,-0.5266237924464665
9928,24.151020295108573,475.4048872366998,Road,Central,81.86577748280598,8.916768710522499,5.715635211563237,7.0630877613628105,1.3474525497995735
2698,117.77638846396808,467.3885218887325,Road,West,38.28545279225206,3.1342230816219265,5.512628370926296,4.968675909035215,-0.5439524618910809
8045,59.329546990804815,68.61553538079231,Air,North,20.0,-2.151702165091107,2.5507067732281112,1.4044727616527821,-1.1462340115753291
4279,97.40419599003528,227.7661718811351,Rail,South,40.17931629534496,5.15485399476324,4.604951601927187,5.579919468235539,0.9749678663083516
373,111.7254869525298,394.0958610050413,Road,West,48.54385852024453,8.784491122378265,7.68677982121161,6.771734923192998,-0.9150448980186123
624,126.10241526233229,626.7110845324381,Road,West,200.84363721382093,6.925750102310365,5.817617566670464,6.729213194449194,0.9115956277787305
11617,123.02534251526126,608.70181850856,Road,North,126.23740581527788,9.849618957766149,6.499972283544609,7.796891803248533,1.2969195197039243
6096,50.40175821508928,279.2513009227548,Road,North,74.07877383493694,11.421247133531796,8.021471888992217,7.51500168329628,-0.5064702056959369
4983,139.0510739410243,285.2399152471492,Air,Central,139.8789391484739,8.477998600665284,5.0702415971289305,5.6240884583595365,0.553846861230606
3488,59.85764252715235,313.3702560566103,Road,North,108.95606824912576,1.922894488704853,4.158378345516732,4.264944150889338,0.10656580537260663
11979,192.76448602590852,291.06054671350967,Air,South,90.93348643113112,-0.10458360566109,2.005762557071538,2.5084209019347434,0.5026583448632054
2036,92.20794167669384,683.7271380625051,Road,North,161.91117108891078,8.368109842848282,8.48305458624305,7.476282197201599,-1.0067723890414504
8388,118.19362828858746,720.1464628558382,Sea,East,45.9056726349164,11.149372221609095,10.51752349230399,10.624600715899316,0.10707722359532568
747,204.9321655029385,240.97353986361264,Air,East,112.69269798653974,6.026577590224932,3.736532974883973,4.912952034534194,1.1764190596502209
9037,27.19422879084144,467.1362484478265,Road,Central,77.29950308029666,4.423160848658566,6.202226098606938,5.460636697596135,-0.7415894010108035
9145,101.5516340166538,540.6539795993594,Rail,South,49.12671606115075,6.581438087720083,7.999341228557346,6.878010935129808,-1.1213302934275378
4447,70.63512001141198,364.5939386512429,Air,West,157.90972809976606,5.36446762800034,4.8173350113551,4.723105784401758,-0.0942292269533418
11019,109.04991053466256,180.72873716360715,Rail,Central,20.0,4.752401276340644,5.498811568849174,5.411431021479842,-0.08738054736933165
6743,207.21260305505967,321.6743387142671,Sea,Central,60.67841177246474,10.459392801625894,9.069917623578212,9.080483327251304,0.010565703673092841
7502,112.011431675653,242.1063480143154,Rail,North,53.11246944858693,7.958617609721509,5.9172075898050265,6.774324351524128,0.8571167617191016
3100,110.9704238973244,732.7790739963679,Road,North,173.36028955221445,8.683838052571156,7.137404231826942,7.710939743483003,0.5735355116560612
3299,97.89127553557634,482.9765675395324,Road,Central,70.10255861534355,9.369196078706416,5.517881285251736,7.228944539143093,1.711063253891357
6245,104.4768100828903,347.7738248596993,Rail,West,20.0,10.970571484558942,8.266313816589914,8.003310182402242,-0.2630036341876725
8292,82.43025703238246,362.684660774219,Road,North,160.3265125848326,10.242507817054808,9.26367185995406,7.320227379252695,-1.9434444807013653
7566,60.373593274957706,368.8802275105169,Road,Central,43.01858954022738,8.676582354309376,7.313538453708448,6.696852694716348,-0.6166857589920998
3431,167.45641070909556,310.5516872798349,Sea,Central,20.0,5.5677759749887965,7.37766895198316,7.331943278269237,-0.04572567371392289
7118,116.21379260214934,664.0741073466951,Road,West,169.894452115383,6.301496717295061,6.618646004592189,6.601736367631634,-0.016909636960554586
6805,95.5168851372587,414.7381851469202,Air,West,177.03052744976944,6.096414243739547,5.077274670065968,5.107112283755901,0.029837613689933207
1261,206.6928373368653,632.6220336259339,Road,West,228.9098072900952,9.024165472598522,9.298830661578233,7.474381461085929,-1.824449200492304
647,74.96750007625761,654.4505122248346,Road,West,185.7240264253478,7.745090897121831,9.472491297153375,7.093265015183626,-2.37922628196975
19,93.0713123680751,196.7669716348624,Road,South,23.226014671198943,10.236005654652772,7.163167264770935,6.702683957154249,-0.4604833076166859
5608,67.73733729186839,332.9632416050248,Road,East,71.11369650587369,6.707027071462352,6.225111998567756,6.192888760307111,-0.032223238260644216
2145,156.431823637024,253.36983075600696,Rail,Central,55.891393753123765,8.485469599845452,6.347011694432862,6.907177535806328,0.5601658413734665
6920,30.833150341963997,484.85793904568703,Road,Central,178.65583875053744,8.43339443474208,7.185661017325102,6.929944534578134,-0.25571648274696823
5922,62.73268090437026,203.0647579737432,Road,North,59.1841800209211,4.255409727286989,3.718198421223899,4.797211548895934,1.079013127672035
9411,106.1585688464727,312.2343193602976,Road,West,79.13507844813392,6.8104475559810425,4.955099194737088,5.87448853255183,0.9193893378147413
2791,116.99305478566104,336.8890249618284,Road,Central,135.01746170979203,4.8527044968370205,6.553266736796313,5.275493158695719,-1.2777735781005939
4954,116.69194178359076,374.5201827806427,Sea,East,20.0,10.093577774711502,9.965793548972066,9.370845529065878,-0.5949480199061874
6727,44.63137323380072,629.2717216157777,Road,North,144.54566748960676,5.748259641153985,6.4373026153034605,6.420952833359545,-0.016349781943915787
1905,113.9065057145068,620.7943004794357,Road,North,203.6231300738753,9.168159192095926,6.725389930492115,7.600354148693619,0.8749642182015034
2021,164.3458936959392,1015.9169737595684,Road,East,207.07257828007332,12.814409024961446,10.234598804580282,10.082784411935512,-0.15181439264476992
5357,94.78934040100998,139.16589915315697,Road,Central,20.0,6.092023158186343,5.442181743960883,5.195373071698266,-0.24680867226261682
3501,178.3635544760822,964.1426410360089,Rail,Central,128.2382308210413,10.987843130754456,9.459002497176314,9.601908430832722,0.14290593365640802
1369,147.10295013319353,870.9181007828481,Road,South,197.55716821968048,9.975836011003018,8.893019500648624,8.34255783665033,-0.5504616639982931
4767,121.96309875273306,542.6683930944325,Road,North,119.46132862316028,7.366197580107146,6.077215919171977,6.7547726371750105,0.677556718003034
1368,126.332569322891,190.91052509144777,Air,North,96.97959156638184,2.404073032757684,3.993446663338848,3.3188007780779127,-0.6746458852609352
9373,115.19716098848828,493.9821825775036,Road,Central,104.73530877560776,8.431774786695676,6.718396053136358,6.929651009601987,0.21125495646562964
9784,182.87513121370736,218.23471315335013,Rail,East,95.7165444707179,5.762337951533054,5.893620627881093,6.1390504746584025,0.24542984677730928
1941,92.41045325014768,365.7522650412912,Road,South,103.85671514870816,9.91922980481376,7.199983054147521,7.032621108697773,-0.16736194544974747
7588,59.0622662984954,650.4764949834754,Road,East,127.92173929614351,9.96274329940457,7.581403177690112,8.154721793186361,0.5733186154962491
1978,122.3108309622444,243.96232222308905,Road,Central,115.49550245645612,4.397573677408943,4.630370167701549,4.875541771846104,0.24517160414455486
8726,100.02866264309064,447.1561241492285,Air,South,255.84337300219528,3.697116137898276,5.485727090352471,4.279512085006975,-1.2062150053454959
5364,23.488794823237797,380.6578242540673,Air,East,112.00179751960049,8.46340040583906,5.637226051482666,6.151738002438483,0.5145119509558169
3366,61.50355909252048,379.5900979640008,Air,South,193.68518409281447,3.673070520664559,4.773046314658472,4.09602774604117,-0.677018568617302
6618,155.66491667015032,259.22095233608275,Road,East,76.03687870320725,10.263399036474688,8.593308460976436,7.243849435815279,-1.3494590251611571
7113,135.9204114533945,557.6041153819783,Road,North,128.0491944179678,6.697236177839778,6.505124920874329,6.5566673184957125,0.05154239762138335
5046,127.95704143486007,531.3045653646615,Road,East,166.04122543128676,10.203120686965704,8.565108655899564,7.931496310258026,-0.6336123456415388
3889,169.68286664347357,1170.8696035745268,Sea,South,70.13258959837317,12.113682190868152,12.6445964016241,11.731503526916551,-0.913092874707548
3372,121.99054518411594,422.4245975124665,Rail,South,90.07074981987444,6.838762722104687,8.02965599077349,6.67066413511271,-1.35899185566078
4553,154.22633174251985,281.2302744630925,Sea,Central,20.0,10.691203589235856,8.09634223247266,9.061139975215056,0.9647977427423964
11192,110.97122957275477,452.8668236771149,Road,North,95.92966462335497,7.154747657230258,4.235947313958194,6.450292151292256,2.214344837334062
3045,124.39533995882016,157.71907866768078,Rail,West,20.0,3.2636142680349427,3.225773443898212,4.806641250474147,1.580867806575935
4810,112.94210096543831,491.7271962542786,Rail,North,63.22204158221215,8.282084017139756,7.154177604400571,7.524209074522459,0.3700314701218881
2333,33.77811061487055,267.70200604374844,Road,West,33.268839689561204,3.113017671780746,5.22464086354183,4.465011657101474,-0.7596292064403558
839,45.75587270663702,158.28701427723905,Road,West,60.328072540867566,3.54983061589103,4.176229854838324,4.342468679905995,0.16623882506767096
5262,56.69943191351646,241.99904675708825,Air,East,141.6698794789291,3.1453026331171365,5.270987355404361,3.928172449113835,-1.342814906290526
8516,92.57131560899312,470.6640833572084,Road,Central,123.81343400570148,5.588190305962921,7.573743326859966,5.876352422211701,-1.6973909046482651
10904,19.31148372542604,242.06896307217227,Road,West,40.68985528855298,6.828807957783844,6.288646105009798,5.709785660047908,-0.5788604449618902
1434,160.13381883284092,481.8429597462565,Road,North,74.51628219537638,5.741789548022581,5.924711055832353,6.016795360722819,0.0920843048904656
3857,95.3668125991598,186.34053508780312,Road,East,53.82231647006039,9.292613482112694,6.39784667270451,6.722788362833382,0.3249416901288722
4601,159.0178151706982,350.07059408104,Rail,West,74.90798905582403,6.016679231399958,6.224770292408554,6.266763377859368,0.04199308545081415
2673,57.32892305675357,454.95050063700825,Air,North,122.86163013706664,4.979390618325568,3.954389126394968,4.909815216354032,0.9554260899590634
5180,135.45270787587606,799.8166100821522,Sea,South,59.12085263431403,14.362975207173166,12.450445458737851,11.582357818483636,-0.868087640254215
487,105.09105283064392,302.3562196745827,Road,South,158.95425434405354,5.193716408961029,5.761740132206159,5.215501656795019,-0.5462384754111405
5517,86.61317241694663,174.1208148240676,Road,West,92.61642538795708,9.832876057112216,6.368784201685362,6.590974144581918,0.2221899428965557
533,169.12142743925546,126.97416354055184,Road,East,20.44540713842803,3.7719301774717193,2.608831085294348,4.614688938515828,2.00585785322148
7602,92.39789606040128,613.2933902295039,Road,East,132.43258498356784,12.555964789506646,11.234014721316107,8.967896286602215,-2.266118434713892
7606,39.01452504880622,362.8202130000447,Air,North,177.79270754120208,4.727606467709949,4.576086877107901,4.5974842268831635,0.02139734977526242
6081,152.45969753785036,764.5643735358371,Road,Central,212.0272808206253,3.625802689622337,6.645188354434589,5.9374184357975155,-0.7077699186370738
2960,115.64836301697284,275.75677551750084,Road,North,67.29672467374414,7.587043455058451,3.8998798530707215,6.147138444666709,2.2472585915959873
2183,86.39524632460541,268.3756724074077,Road,South,34.73681941849806,4.235873153798096,6.776294805019166,4.7772729566385514,-1.9990218483806146
10964,41.08285104557731,67.9764623138369,Road,Central,57.2247839875254,4.676059467186248,6.681488874236393,4.529552469609795,-2.151936404626598
4168,95.38376877800734,755.0484645903351,Road,South,177.4332566969727,5.952223486924894,7.033195563244098,6.637579304959411,-0.3956162582846865
5719,123.54617172270402,743.597336272379,Rail,North,214.22769950952613,7.946166396343306,8.374889065066444,8.066576276370903,-0.3083127886955417
11203,77.84814738215482,217.38402968049024,Road,West,71.28868860722453,5.318929857166015,4.1493067592718775,5.1117700448064385,0.962463285534561
11555,107.44389787384024,317.63576996452787,Rail,East,138.83150409962505,12.262154501352876,8.57605534282674,8.694942477336443,0.11888713450970378
7091,58.09928507958506,418.5939670554688,Air,Central,198.9043822769402,6.200336642224037,6.101431561212225,5.182517533767588,-0.9189140274446368
9326,147.97436255181134,684.5205104969127,Sea,West,44.87660838961857,5.768076147792515,9.525008031683637,8.339414058590116,-1.1855939730935212
6714,130.49506783650955,447.7938148371277,Road,Central,175.06145527818668,6.360011314873402,4.995880327372015,6.091357156431119,1.0954768290591037
200,113.47811110644778,242.0269206188001,Road,West,57.00341654034988,5.815626349987043,5.930539938803444,5.341849907230258,-0.5886900315731864
11772,123.70328678655972,158.646108756015,Rail,South,20.0,8.970071686447527,7.087143098929486,6.739144103373619,-0.34799899555586755
2210,81.33943196436101,288.95462655070605,Road,West,49.38812960154986,6.234309958444558,6.615604584310323,5.612074574927231,-1.0035300093830921
8251,73.37651868873604,1912.540710664469,Road,Central,491.9442337370881,13.62676377002571,13.262792247937504,12.425567663029078,-0.8372245849084266
7838,81.01060920432154,257.8795377117391,Road,South,86.00288623986233,6.777185007680409,6.054138608826972,5.652411980125153,-0.40172662870181863
9119,157.58742709284158,569.148474542948,Rail,Central,103.4947401357928,10.489885758453932,7.067405867477048,8.4217824356989,1.3543765682218512
8761,39.15834045338298,704.7780717780489,Road,West,85.12898917770862,9.03585135905266,8.010594853510327,7.666120306372549,-0.3444745471377777
9117,157.20210061337133,238.8470310296468,Air,Central,101.30525026142278,4.416676321744629,3.724705651015929,4.069643521936746,0.3449378709208175
11718,101.46657968227844,324.821537055339,Road,South,24.844095231755038,6.1450971292289,2.9668581255926085,5.58864064999418,2.6217825244015716
2444,54.25063992647412,487.3102721821583,Road,East,146.5520013585841,5.689341925986069,4.972465363669914,6.2402452779433,1.2677799142733859
3312,70.07811766868973,175.67887633711268,Road,West,35.9064771540753,6.745875104251112,6.512547858445425,5.503639432677534,-1.0089084257678902
218,84.10050160864607,691.2763652807719,Road,West,101.07132145980523,5.594171892104596,4.911110207089154,6.41707264251138,1.5059624354222265
2615,90.1671259417776,402.5148460143964,Air,North,155.32754492322724,10.25111819499496,7.032763419451018,6.630241512538745,-0.4025219069122734
8029,105.87170904603776,211.4183799159349,Road,Central,82.836013587802,6.038122804255467,4.272204060173271,5.367491957008289,1.0952878968350177
3777,144.84899921694327,466.86955517016224,Rail,East,111.8593219301468,5.530563638074729,7.236560314338868,6.69774221030043,-0.5388181040384374
4629,97.48694150050191,738.910286268695,Road,East,173.60174495519715,4.424553984774707,8.413728348946757,6.4327999187686995,-1.9809284301780572
10736,105.0644167521358,1657.462146542482,Road,West,420.0590952167897,8.962580175020115,10.346142088618535,10.101214746480668,-0.24492734213786704
9192,52.778210433570734,251.79787546559305,Road,Central,125.5118180792702,2.9673315082060707,4.926233754367375,4.404120077805154,-0.5221136765622205
11998,167.03147211302692,186.8804988667596,Road,Central,25.055560237157746,7.26435844642221,5.199689070539199,5.719115346790229,0.5194262762510302
11751,145.74441023651335,153.7506350903812,Road,Central,20.0,6.973895620574589,4.040370422613696,5.535117401964879,1.4947469793511825
7189,217.46417930859164,621.7749214353407,Rail,West,66.50470579745082,8.111987649673182,8.714959803149961,7.6848479665126055,-1.0301118366373556
11590,190.59404615238023,747.5090011786193,Road,East,158.92806916119991,10.20101196588904,7.820405388031928,8.47037883761211,0.6499734495801812
1670,164.99193190657869,114.80673562743912,Road,South,78.18201369970312,2.705443700800279,4.1035968447704665,3.843141811392014,-0.2604550333784523
1188,152.08100064206891,369.6937216474057,Sea,South,20.0,7.611849557106259,8.064747838876762,8.106217908650114,0.04147006977335188
1614,69.03458442130596,406.66286815189466,Road,South,101.32542318947463,9.488085192878753,7.954189012578308,6.988110395321647,-0.9660786172566604
2340,46.02810269647944,370.1733469631204,Road,West,119.21565945905562,5.463718285861608,4.508322027531296,5.562760298715813,1.0544382711845168
5667,138.70841570577988,496.4068239401954,Road,Central,60.12588517599036,7.819605341621598,7.912821804627224,6.710716709048036,-1.2021050955791877
2873,123.12799357897865,412.1362934658546,Rail,South,92.90849335118612,13.600142965416993,11.10971795383863,9.022598263996052,-2.0871196898425772
5943,93.12775588426864,396.9596325215734,Road,Central,114.03481643862456,4.869602371025475,5.489432073197019,5.434720694516661,-0.05471137868035836
3017,133.53451529310013,418.2112059554911,Rail,South,83.14946286214149,4.953727404888655,5.835030316851048,5.994331926948632,0.15930161009758415
4092,264.17976076424355,395.43564462634174,Rail,East,20.0,9.522704269313149,7.748036942025602,7.8894207337567845,0.1413837917311822
3290,36.68816181808031,313.6924656936744,Road,North,36.95463974982079,4.813239776457529,3.6621889370662393,5.2753924402994805,1.6132035032332412
95,52.98180810780783,540.6807670947185,Road,East,178.15801978766908,8.906795019175334,8.334216038554002,7.512187793958171,-0.8220282445958311
3403,107.19807834639477,357.60335211887576,Road,South,66.20001937938571,14.553791741973525,10.953967786844606,8.634254613032544,-2.3197131738120618
11577,149.6124595677936,162.33768810808218,Road,Central,20.0,8.031274474276275,5.78405156459113,5.92824929921508,0.14419773462395025
7188,59.44574708940874,400.372482378154,Road,East,112.22736822749896,8.57933278633153,6.853435104098103,7.029855233377915,0.176420129279812
5802,63.0108091070472,346.39361693828243,Road,South,115.39260598151824,6.483865898392379,6.254101303387663,5.781193760672926,-0.47290754271473734
3098,135.7433064509186,450.2807323440484,Rail,North,63.66981048999669,10.672482244513793,7.083596905700116,8.25618046667828,1.1725835609781647
3418,127.85005367865502,184.827886165733,Road,South,22.92417627028954,2.8326905770594,4.315909991658244,4.063549348108244,-0.2523606435500003
7634,37.48086220731452,165.2132897409342,Road,West,20.0,6.413119776200321,5.676748807562928,5.362522042324667,-0.31422676523826176
11043,90.944157441704,1883.4615756211765,Air,West,775.6189438964188,12.714455830083091,9.436863010597778,11.255717726609543,1.8188547160117654
9717,85.31832039134862,251.39278380901783,Road,South,88.19182488683396,8.382284866145401,8.234010274063559,6.2000803420634085,-2.0339299320001505
1413,87.85015389144834,291.7469924335264,Road,North,36.8068687673176,6.501227212363976,6.709693616074454,5.805680332857434,-0.9040132832170205
11793,65.538695246773,1280.6417596435003,Rail,North,189.93537078214612,8.870163668543526,10.166595318368062,9.76237561153622,-0.4042197068318423
7315,125.44036516942128,208.85478466823776,Sea,Central,20.0,10.302259894028216,7.336990051350817,8.744522623182082,1.4075325718312648
1373,262.6118189098396,268.3890275641875,Rail,East,20.0,7.748759724320532,6.81476282307402,6.942686589139023,0.12792376606500344
2360,385.1801641729403,729.6095290536899,Sea,North,95.58874153107725,12.806224847608377,11.312719644867885,10.997038303065587,-0.3156813418022981
2057,99.01753994159334,889.0378875680578,Air,South,336.65368485138066,10.480462896058707,6.79098261254522,7.800534408872276,1.009551796327056
3148,249.3033698216973,164.3031841189956,Sea,West,36.34925926823026,9.398092521707705,8.655812430465101,8.276935604868445,-0.3788768255966559
5013,58.47991763557031,171.1081491251863,Road,West,20.0,6.142353472703656,4.9506578654501,5.279204522056347,0.32854665660624693
4504,34.65340773641351,504.59874572376566,Road,East,112.16700606308694,4.259441857969344,6.2884348097568985,5.77932051091088,-0.5091142988460184
9403,60.50388325844264,319.6337947306046,Road,South,35.92813682979614,11.18244078167637,7.893533046089449,7.354592547351294,-0.538940498738155
9646,142.64155723840707,210.0445123231151,Air,West,81.63197596915299,3.431150222544436,4.674661847923851,3.628700226046135,-1.0459616218777157
4404,83.28671936480684,206.0080537945706,Air,Central,89.5481016764953,0.5286223779704644,2.509820773970383,2.6279513387624736,0.11813056479209072
856,62.22063708328891,146.78842294335402,Air,North,70.70760147147004,7.815331661900847,3.1155177360390165,5.115314138928355,1.9997964028893382
5176,48.13620298933935,549.4331628402496,Road,Central,95.21723437617244,4.20416885329801,5.357675098408473,5.59239083620782,0.2347157377993474
10549,60.11866005586314,420.1719066716325,Road,North,85.81190078826546,5.697064541217265,5.935900507719899,5.860531349641127,-0.07536915807877254
10658,91.60689097160513,293.8958982280644,Road,East,101.90060767477657,6.986994901742854,4.828421013059162,6.192874724325721,1.3644537112665587
2319,91.27110538830676,279.4941603132217,Road,South,62.53329366359044,8.087052161523832,6.838079248089716,6.163187198183223,-0.674892049906493
9761,40.25840539352738,61.74824686970569,Road,North,20.0,3.945438152676997,3.5641721508136373,4.3265289882411135,0.7623568374274763
8031,129.72317742693306,558.3009417568301,Road,West,90.30332340239276,9.807215792283277,8.805968334717578,7.552314270051892,-1.2536540646656862
5062,61.14154232899443,440.5199730449428,Air,East,200.49420033327456,9.904224926051086,6.799076861270421,6.817767836255507,0.01869097498508676
1208,129.59662026535185,816.0620986370028,Road,South,173.63846102777413,8.83620801891318,9.212253174462177,7.80142679515156,-1.4108263793106168
10129,204.0333491908565,156.67277702157006,Road,West,37.08642784287461,8.74158587981665,5.89162327374905,6.137648907036015,0.24602563328696458
11811,27.74462963233337,285.0143088338518,Road,Central,69.24426132582873,-0.0610974153951233,3.8378759398611897,3.419207770133166,-0.4186681697280239
8893,151.8722916033775,238.3672343922103,Sea,East,20.0,7.3284761842460515,9.055023979739923,8.046980642247703,-1.0080433374922197
6498,24.541544475493072,277.8888032759101,Road,South,104.04117566330814,5.84660786322303,4.803811745868817,5.386897321802611,0.5830855759337936
9517,174.0883949693795,445.4231321402885,Road,West,87.01020591706262,10.102479286878854,7.85827848240832,7.362100814292469,-0.49617766811585096
1277,80.59161182629725,520.6993753523756,Rail,Central,125.23334731062197,7.911364857671859,7.734307231592486,7.406157367137778,-0.3281498644547076
2471,116.83508568843078,580.9524392338351,Sea,Central,113.87477824595052,9.184700536494685,8.548247574791304,9.312437590147406,0.7641900153561014
3938,274.05284393923785,206.54930538746413,Road,North,71.94934477560419,3.9704710024297034,3.7307618566581535,4.676637249663633,0.9458753930054797
101,156.84292463340904,470.37174833054337,Road,West,108.37888803055316,8.782888652853996,8.114883321605824,6.967050166668638,-1.1478331549371852
6899,111.9118561314844,627.9725905531097,Road,East,117.77210040663422,11.858459017168842,9.706473946819568,8.754970798254181,-0.9515031485653864
724,172.84152131627505,1233.3008318138482,Rail,East,267.9528100596696,10.008538318141117,10.631435025662226,10.239849321357887,-0.3915857043043385
4816,97.58453687595612,850.9667994379332,Road,Central,288.55974409670495,8.081013998506991,6.558846778523096,7.742942202823556,1.1840954243004607
2377,136.46521230274578,375.2218542103892,Rail,West,104.88309631098927,6.7132601260695415,8.573351438646766,6.583287182638207,-1.9900642560085586
812,84.71564499986826,725.8050610552618,Road,North,149.3731466548619,3.269025610974454,6.333982212071319,5.789346235093729,-0.5446359769775908
304,149.6003161602452,537.3864557311274,Sea,West,38.80473223855375,9.291409695349843,8.600919421309218,9.203222000521052,0.6023025792118339
8937,120.14279850272096,350.5977406516771,Road,Central,95.86426881256352,6.536942323770703,6.325039540986974,5.896632037886648,-0.4284075031003258
5403,46.25684003913549,754.6483097985239,Air,South,272.92703102118764,5.546956968620156,5.236119401097081,5.722402668248865,0.4862832671517836
4640,141.67730196898106,84.7521925540954,Rail,Central,37.17767523226858,7.256985717421915,5.632657123611883,6.045821902144485,0.41316477853260114
8697,96.10809925618496,518.81039583228,Rail,East,33.85832935478358,7.884708351860203,7.237665610130881,7.653793871369055,0.4161282612381747
6365,140.5189142520251,358.48192888671645,Road,East,100.76550720636646,7.498267742690774,7.831689400741004,6.529584724786079,-1.3021046759549249
99,163.69459716460958,378.4580297091274,Rail,North,60.99691779649797,4.579654365188784,5.358070266947967,5.926293938113543,0.5682236711655753
5099,56.9672552328547,477.1177415550074,Road,North,98.16863148529984,7.2003337499901,6.693875330760752,6.536250987384038,-0.15762434337671394
850,40.27133352447287,526.0475275436669,Road,North,165.0037477528853,5.554063754040805,4.386300195207885,6.093698672573407,1.7073984773655217
5702,75.93465204625579,187.75269619257125,Road,East,79.89228583006823,9.781973579208566,9.424024431540817,6.905049145325314,-2.518975286215502
385,90.94765825659286,185.3777819229339,Road,Central,20.0,4.803336027767221,6.188082453243806,4.860252058181642,-1.327830395062164
4785,121.82003590360858,229.9857214336023,Rail,South,20.0,6.06563267923724,5.315687339068753,5.899406698169742,0.5837193591009893
4043,83.42975961915832,133.3456734909721,Air,West,117.02934826173215,5.212392584596962,4.493092047241042,4.073819401622093,-0.41927264561894884
9780,90.42592928949524,271.54780951271937,Road,South,56.34571054562056,6.1968816240680855,5.3018369548718765,5.477480299861936,0.17564334499005962
7883,81.496066867196,495.5941931876179,Road,Central,124.35480919448334,12.497546552746249,11.401033759488593,8.371359935933661,-3.0296738235549316
10786,130.95339185404018,527.4225504490336,Rail,North,135.67338633214595,7.583136135177868,8.131714990571977,7.376857718347329,-0.7548572722246476
9901,55.762993853078285,882.4251497105256,Road,South,182.58330846087927,4.227960171114525,6.110896819721063,6.361678387232891,0.2507815675118277
8253,83.15196308906368,253.05896200891965,Road,West,70.63614925475233,6.595815817391082,6.662276279372907,5.650683443493007,-1.0115928358799007
6412,186.49731453961465,507.1194790778309,Sea,Central,28.512529425372705,9.515374774387116,8.576429753790919,9.218563062829029,0.6421333090381101
8301,84.85320048802244,136.71896162907953,Road,South,25.503821801535477,7.218104844403578,5.142979965867204,5.490160840552772,0.34718087468556735
5385,47.96555689367251,77.5875283258346,Air,East,20.0,5.148326374392037,2.0674121630571056,4.198423831127207,2.1310116680701015
10717,99.99017223781144,390.012798422801,Road,North,71.6234115159873,8.418390989345728,9.181646806818163,6.7329963674053985,-2.4486504394127646
10331,21.35362729915198,1366.7762697186563,Road,East,309.41854346717867,11.132784730034842,11.94523075637389,10.419266223656857,-1.5259645327170333
8720,53.53440635834595,919.8240486564736,Air,South,358.6983682847089,7.431098725456721,5.8339171402604775,6.816242784266444,0.9823256440059662
10938,128.4796202998869,414.28299792983967,Road,North,92.59103474299266,2.157609008496969,6.0573981689750696,4.591711595237827,-1.4656865737372424
10444,137.18068292290167,382.17697205310105,Sea,South,20.0,11.84296204195084,9.162834691634092,9.628163585543708,0.46532889390961607
2732,91.5815784837424,786.5144943882324,Road,North,132.4205119067407,6.629106531125891,6.867752086690016,7.121997853246149,0.2542457665561324
9445,40.244940514628304,1008.3215986543004,Road,North,260.06330061733195,11.403118793874553,8.78444122017455,9.390756125447856,0.6063149052733063
9598,176.25405019344916,251.9249678299139,Sea,South,65.04454292389164,7.142725001278385,8.147920298260741,7.644598523196136,-0.5033217750646051
461,89.87247995264347,306.47862295997066,Air,West,183.4131367208316,1.1675620929086623,3.4412455935337354,3.100137917577258,-0.3411076759564775
10567,118.2172923328792,433.0957290736076,Road,East,151.67280536978552,7.538652891501866,6.925980919578973,6.744072319535983,-0.18190860004299036
119,84.86413827633378,520.5655188763996,Air,East,236.78543349348217,3.128485031976271,4.6996817799242,4.640110194925603,-0.05957158499859716
1570,129.9253536196542,340.37593355927885,Road,East,28.4141452931798,7.478507542324253,6.641329957248142,6.467835583502538,-0.17349437374560406
7735,73.165805078498,968.0097869865756,Road,West,174.52892234806046,8.52897613443534,11.054609909732442,8.165041716581463,-2.8895681931509785
8618,50.3538898711624,1192.9249987917767,Road,North,332.4005056391386,10.93957152488689,9.01607628392365,9.706031371900458,0.6899550879768075
357,108.086304906583,167.5359847647982,Air,East,38.62002171435208,6.83413501921297,5.030981693842166,5.0138666974591,-0.01711499638306524
4308,68.75159530591029,134.9089406876193,Road,Central,22.740669542317747,5.163533152970608,5.096810935974451,4.862228947260862,-0.2345819887135896
3909,157.30156583310458,239.40342024229983,Road,South,68.09873200946396,8.002186491760632,3.542631145053078,6.022476557986787,2.4798454129337086
2046,144.4322737938548,521.9180936363853,Road,North,108.15747736516676,6.077890179310462,8.729114966674178,6.244013944077508,-2.4851010225966697
5365,175.29330018582905,155.36017828150207,Sea,Central,20.0,7.709687326825905,7.6532752278803375,7.689390118292547,0.03611489041220928
2150,233.70279742992224,149.43667751852055,Rail,South,35.24636077086474,3.664704507064181,6.040943853312845,4.835927963106192,-1.2050158902066528
8122,114.48693277231058,690.8374698142438,Sea,North,116.39810841383436,10.982920749458245,9.774660376834008,10.299945647610826,0.5252852707768181
4048,43.57419111101997,708.3100627582097,Road,Central,205.48381391934765,13.276068628589236,8.946461879397901,9.203253378395285,0.2567914989973836
1981,89.56954582401154,991.2582483619524,Air,Central,420.293263117935,7.723287829329754,9.22699147274267,7.201408522175604,-2.025582950567066
1402,42.408684018554965,325.37433663057635,Road,North,41.4753464451245,13.012101408354315,10.72425764410868,8.188304070199337,-2.535953573909344
10591,109.9344218577477,867.8898964074488,Sea,West,99.42566934854628,9.102656482111604,9.72280802927762,9.991826626507532,0.2690185972299126
5583,174.6478658642067,440.2420884771121,Rail,West,29.116713610529864,8.50216334319226,7.258680270134038,7.361363650867024,0.10268338073298633
396,137.47990022472283,562.6275085931294,Rail,Central,102.17728388995452,7.44699724663946,6.128559678158301,7.337833339270627,1.2092736611123263
1039,76.20963423852824,601.0127746251746,Air,South,246.8275008168657,5.732009620794194,7.869160004201161,5.388644520981173,-2.480515483219988
10609,83.22705416231695,417.1571663485505,Road,Central,61.85832433314612,6.65825659784507,6.746439423825646,6.109144631342682,-0.6372947924829644
1586,137.90101181854584,233.58280685549207,Sea,West,45.95089756016989,8.886270056001106,7.2043707749637536,8.290860243815636,1.086489468851883
3691,141.525946889461,517.2187127642107,Rail,East,172.23933943089918,7.914156085452256,7.964180775700722,7.673148564620709,-0.2910322110800134
5425,68.59848883755501,411.8046664818186,Road,East,28.989441031403203,8.515199605513871,8.648537526227175,7.023168469481417,-1.6253690567457575
379,221.1385124502699,414.2870660369281,Sea,South,20.0,12.666362470046522,11.855829245245008,9.987065181300718,-1.8687640639442904
7802,138.18998054122497,1053.96936952529,Road,Central,229.32476216062744,8.630131323922008,8.9682029096166,8.437916741976938,-0.5302861676396624
2142,72.66349673978607,440.0327355561483,Road,West,20.0,9.175920730659444,6.066078651520104,7.027889872542479,0.9618112210223755
4128,210.92589682353665,413.6565305838871,Sea,South,96.77471831736538,9.1268824543037,11.722907903867869,8.753127867424539,-2.96978003644333
2459,45.349106367225,1686.0434793996685,Air,South,683.9510867248973,8.545878202036308,9.249210252112569,9.204453148088144,-0.04475710402442523
11278,89.55103906260719,318.2505852248357,Rail,Central,31.95599279606208,7.620121967236789,7.0286018927491405,6.774266405096048,-0.25433548765309233
1053,190.2651687405771,214.31884074734663,Road,West,20.0,6.784738569365688,5.4556196924067,5.5956498495930695,0.14003015718636913
1786,79.96342731311091,86.54592663983932,Rail,West,20.0,6.895411040938839,5.4522564718204976,5.909405835815926,0.4571493639954287
8204,44.650385067485736,645.0562373408991,Air,West,238.8976764940596,7.571277772997934,5.963149123929751,6.227819103780457,0.26466997985070595
4842,72.61968041402018,320.4403149483708,Air,South,207.86265281241663,5.891857984332164,4.020994833467846,4.726297599284126,0.7053027658162803
10319,54.5411038289371,530.5825659237163,Road,North,116.63534978434652,12.343294205463542,9.997848590993032,8.483899044631828,-1.5139495463612036
10287,123.80430736455396,259.4711063461896,Rail,North,56.23322862153799,2.897712894708357,4.75863653463273,5.03736417649503,0.27872764186230015
2245,55.26119804197435,685.5301036643831,Road,East,179.82829518151144,8.571494019800786,8.971686031635242,7.762544897355427,-1.2091411342798146
8607,52.14442208514893,193.90418890429373,Road,South,65.50765681545431,5.980456848867098,4.678416733838692,5.210837887763617,0.5324211539249246
7282,84.90826295328918,696.6117840767189,Rail,North,109.67933161245509,10.652237619711968,7.742915289508753,8.889542521393569,1.1466272318848159
7841,45.67327433478851,146.59998983592746,Road,East,48.65691172633388,3.3417944435695213,3.2235643645900725,4.535485981194565,1.3119216166044927
3819,171.77350803843927,229.67541963613988,Road,East,20.0,3.685231405898257,2.1026435724920165,4.844930056845456,2.7422864843534396
3378,135.4467751353618,275.11944199615215,Air,North,157.26519908000276,4.955041370424667,4.902524625764011,4.43734008811204,-0.46518453765197076
3921,196.3464076770551,416.7284605032641,Sea,South,20.0,6.419475341516248,6.687524961039042,7.799993291645201,1.1124683306061591
9604,62.44719910747014,592.7878654361009,Road,West,189.57319642135815,9.342315358423424,6.723551149246636,7.500552098815549,0.7770009495689134
2963,95.96781452907972,522.4878816769188,Road,Central,177.9912853233323,6.068653975727692,6.804342926664732,6.1843402007914765,-0.6200027258732552
9863,126.82667826461214,196.611295238465,Sea,Central,39.86213716200302,7.587149341801572,8.340137429707696,7.7611543840570825,-0.5789830456506131
7620,297.5097124158519,181.4954458018072,Air,Central,120.37377637009368,3.076731641071123,3.614263773519359,3.4346576155101363,-0.17960615800922275
1496,176.92477971268164,594.0424221369672,Sea,West,52.92261675093327,10.975615690394362,9.45660217467598,9.937610299932587,0.4810081252566061
7466,86.41056893387537,177.5887035905585,Air,Central,104.45875999402104,5.361178092153518,4.042852440188299,4.256869493057091,0.21401705286879213
5763,150.93390573812331,756.2614695168406,Rail,North,130.61177242248652,9.814498129177943,10.025023107496034,8.739904405822214,-1.2851187016738201
3702,151.41964483286498,394.466499294657,Road,South,122.79062205388792,8.488455098908634,6.960295586480084,6.596495239798374,-0.36380034668171035
3894,72.62850757731285,185.15859075754196,Road,West,67.62017557718694,11.979163319544874,7.117139632983197,7.372350005884599,0.25521037290140214
9318,129.50675669743725,337.970862412386,Air,West,184.20853932218404,3.153411732634112,4.338022720889544,3.872907005976879,-0.465115714912665
6466,106.2890076182366,558.2910332761728,Road,East,86.56619625764222,10.693629821008525,9.351525542598344,8.164488989772522,-1.1870365528258215
3660,78.7422867943752,765.2802724766993,Road,East,209.0749634430429,9.23429239857963,7.689218394432402,8.199174154759898,0.5099557603274967
2085,65.46737291774994,323.783765167266,Road,East,94.1023809488336,9.260445086212252,8.457076740500812,7.071146686470467,-1.3859300540303447
9818,203.07286266586905,363.657583700274,Sea,South,20.0,11.547460821871557,7.535562581210857,9.467462465509875,1.9318998842990185
4253,153.8334647259303,611.764167566002,Road,East,46.67125135049717,7.2755746995101,9.49682725753251,7.085737622782572,-2.4110896347499384
2351,84.96854368344884,142.25396675421462,Road,Central,57.75271545287104,5.21065219252602,3.9796739794572296,4.900085989049557,0.9204120095923272
4375,51.47972503469391,228.57173681805511,Road,East,67.7288858492219,6.521014571348579,5.807710309398669,5.863894317956667,0.056184008557998766
554,179.9392906541694,112.25043646554792,Rail,Central,20.0,8.082472680254085,6.449383491437323,6.3979944721237665,-0.05138901931355644
7085,79.06880874444683,480.0692023036869,Rail,North,69.32820030535294,7.866539803324217,5.915551669997153,7.35426802003953,1.4387163500423776
7457,110.45385248958408,368.8348473378919,Road,South,81.39361219342035,4.990450262020212,4.0920343557535,5.301241395997613,1.2092070402441122
9572,109.05885097388874,688.7133398079544,Rail,North,110.81728650124538,12.656524327196724,10.9824546740405,9.570942855601345,-1.4115118184391555
5020,114.56811527321864,401.9339711012087,Road,West,59.8799913252371,8.692004969308318,6.373412537792378,6.760340361926183,0.3869278241338048
668,103.08670117845227,1165.1418597540753,Road,North,325.3962203234849,9.995382685535434,7.3951684402388835,9.29457408797336,1.8994056477344756
3742,140.40762180817683,223.80752143087375,Sea,West,20.0,12.464224112757964,8.952737179994154,9.520239126679034,0.5675019466848799
47,147.5918481299753,694.5202833807666,Sea,East,88.79809280636863,8.604740920928995,9.349823127569431,9.666319212717141,0.3164960851477101
10060,45.15555701771244,111.482633392911,Road,South,20.0,7.451895289789365,5.465434898877215,5.513249222797138,0.047814323919923574
10039,88.09846612299373,333.90127099171144,Rail,North,38.2701944623665,8.375795818798364,5.632405800236056,7.155885311354617,1.5234795111185608
6839,165.78354823644062,377.5530351542205,Road,Central,105.39354565854914,3.973963747954214,3.9776867999756673,5.058480157024117,1.0807933570484494
11950,97.43089201275966,99.18789531365482,Air,Central,52.689423046865,5.797271858477102,2.8225225016547366,4.201855037594619,1.3793325359398825
1178,46.09939318624924,408.2424215085736,Road,West,74.01603561963154,7.306910614696156,6.329258311340658,6.30134347663341,-0.027914834707248204
7601,120.15151243076708,456.3912985108456,Road,North,100.59316934199994,5.271828065859928,5.486742591363892,5.796380647637662,0.30963805627377017
10961,241.44370633818096,456.2567724779417,Sea,East,81.53894049940553,9.240582675131554,8.871041421725687,9.26917095789443,0.39812953616874225
2991,62.23661155332493,396.16385853812034,Road,Central,43.91488991212792,9.823525245497976,4.919878110011576,7.169453230743475,2.2495751207318992
1783,112.27596871680134,208.6536279708589,Road,West,67.53188862186383,5.634962370180476,4.129812775953857,5.195117099332851,1.065304323378994
4872,126.81419170333392,286.0697169553771,Road,North,36.91084778118013,10.521274127931914,7.305932723446184,7.199314036622533,-0.10661868682365139
5847,85.70338942382116,428.2900141847408,Road,West,38.42084956977794,9.284306661149326,7.213188679013735,7.036852976363807,-0.17633570264992748
2218,45.74894544545029,370.7329043358202,Road,Central,78.43070546718224,8.116644967851006,5.27501020462597,6.511838755701579,1.2368285510756083
10447,89.91274918487477,1141.5493086642082,Rail,West,180.88757394885124,14.379329841622212,11.114828811274649,11.245868181409914,0.1310393701352659
3914,116.14412584495858,162.55784519384562,Air,Central,36.67755359496752,8.459638929791367,4.067843274739867,5.294292206314184,1.2264489315743168
3222,171.41200475924705,167.00293155735443,Sea,North,20.0,9.018698693258491,7.176885970315395,8.254872635239419,1.0779866649240244
5138,73.09923911625735,683.0770665006208,Air,West,256.8193951429225,3.8466156031887455,5.072641501351542,5.012986051925659,-0.05965544942588252
5100,128.3053023834794,700.3977072737061,Air,East,307.9689733807853,9.440465515065693,7.85779300927341,7.321027003763286,-0.536766005510124
4420,110.50454336738224,420.44686475159,Rail,North,101.4616215708506,11.13131857679106,9.93711772847973,8.350766669963892,-1.586351058515838
4313,99.49970864029235,116.70631396704076,Road,Central,49.32102244020577,2.7194278331741017,3.493511463026932,3.955657148997968,0.462145685971036
3003,70.29902741973955,817.30461347647,Road,West,204.67486397363672,4.213618986529452,7.882291714778411,6.268855622371483,-1.6134360924069284
6682,124.13653972202611,421.6603185859845,Rail,Central,70.9585555234309,5.653437399661794,7.604830701589476,6.346080139782238,-1.258750561807238
245,62.4503644456997,172.60581132231326,Road,Central,20.0,1.3636954865418538,4.208379134837789,3.6222951817655047,-0.5860839530722841
9362,166.5510466543992,285.63378189557017,Road,South,93.06436393906482,4.047764050692398,6.413900111769032,4.7515433300765375,-1.6623567816924947
3529,192.0872747411296,450.4122608132607,Road,East,99.11420205039148,9.83660963068924,9.955545939174453,7.577920435771988,-2.3776255034024647
9533,98.29526533786851,297.8721693241444,Sea,Central,20.0,10.261101784423149,8.081936090254029,8.960420719597533,0.8784846293435038
8141,81.13145952023254,244.2331739040614,Road,West,20.0,6.685240181229138,5.501080905733425,5.652768438157663,0.15168753242423794
9858,65.501429660774,462.4516628026514,Road,South,117.61298409006328,7.42105130181325,4.131223152938154,6.405889309929003,2.2746661569908486
7689,54.22716673029755,1727.213659621946,Road,Central,378.2103079633888,9.4771809826666,11.256327088668794,10.481522516021823,-0.7748045726469712
10864,168.53876202972324,317.2854123991241,Road,North,108.5802274729788,9.537741216000756,7.442821983726723,6.936891194660399,-0.5059307890663236
2039,118.33569428076564,557.1173731647957,Road,South,132.11815884799108,8.544310185740047,7.764232766029771,7.035973914408704,-0.7282588516210673
1022,163.91376976851458,228.7417328350279,Sea,Central,30.050940197139653,6.942380884973982,6.9644359435225205,7.609266006774555,0.6448300632520345
2688,187.02615173991552,706.6333601029412,Sea,East,127.085498648099,10.14667989077132,11.20924096369276,10.239060336747961,-0.9701806269447992
8134,74.74005888071045,211.34953299038625,Road,West,20.0,4.029833332892323,3.568033417980957,4.636218339499605,1.0681849215186476
11626,80.2851813634667,574.6558192755202,Rail,West,78.98389575226003,9.587197728585826,8.163408379605702,8.105755609707433,-0.05765276989826873
8116,94.18321566288452,229.48873011154924,Road,West,66.25023299777152,2.7579279871082987,4.061518777038254,4.2387757358141815,0.17725695877592784
10259,59.92453758053669,382.7360249712821,Air,North,212.303355171676,6.7642511002747625,5.711619142102063,5.36623177236117,-0.34538736974089357
4693,71.31774498625673,358.81556612462845,Road,East,146.21073488732637,5.860693170866329,5.870756888356316,5.971169145695001,0.10041225733868497
2372,94.32472889191747,431.2928137074912,Air,West,182.23095317304717,10.704161512782232,6.522570806969137,6.770595146761603,0.2480243397924662
5838,46.62644327883039,294.23884329774535,Air,West,136.30642733206437,7.866535002883658,4.768725124456743,5.424565340972798,0.6558402165160553
10696,85.69115736326545,370.39681574777177,Road,Central,40.661406681074354,7.100660000716079,7.212022329242973,6.142429190132253,-1.0695931391107196
4867,60.20344930626184,236.9890056121736,Road,North,21.840708864135053,6.183294760250967,5.154755592451739,5.556540338375014,0.4017847459232753
11701,86.59473636352553,468.4464052356786,Road,East,172.85638877668964,3.0666677193442258,7.622075088447195,5.268918423953577,-2.3531566644936177
1692,81.30164204762026,98.86805139941568,Air,South,20.0,3.616244311005024,4.6836576114223405,3.334466088617938,-1.3491915228044027
11594,90.5452416049892,466.67896307195787,Road,Central,100.29173808256022,5.825852122552883,4.588154298928998,5.946745117308807,1.3585908183798088
10307,115.32812245916377,136.99805314186696,Road,South,92.69684731357378,0.3610611016416474,2.8736713294564984,3.0844633781505695,0.2107920486940711
1491,96.1634711095844,822.0340920873663,Road,South,204.5752555193136,7.903419736079545,6.147560643659086,7.497889227827295,1.3503285841682082
3785,129.60608656112962,746.9728312018447,Road,North,221.23222019348785,8.865490930288205,7.150284224221864,7.8150045388497835,0.6647203146279193
3652,103.82988224415443,756.5933857625395,Air,Central,382.1831809769346,5.924298515120596,4.9588230504330735,5.964421116030472,1.0055980655973986
3671,93.3647219599217,200.3183945947314,Rail,North,20.0,8.66373081025361,8.765944691612349,6.914048631830337,-1.8518960597820122
10934,125.93110043555208,486.4199891545051,Rail,East,33.22654493887332,5.739781601700546,6.19031807125267,6.812614627652376,0.6222965563997063
8565,40.62546285547215,1401.4487876801832,Road,East,325.6174714448566,13.245220259699693,9.155903331044067,11.24982793526064,2.093924604216573
8572,168.0302256475247,183.8038559416946,Road,South,94.52633355772298,9.936572170900032,5.311964637150864,6.563558465487215,1.2515938283363512
10614,46.04316960797325,1364.806115729078,Road,South,335.9689045500348,9.40684166733052,10.575877085394406,9.433054655719378,-1.1428224296750287
5265,93.5655350726326,414.6922418762405,Road,East,54.504362761403456,6.020677975741299,5.090279362298716,6.153199194060935,1.062919831762219
3448,71.86680298990437,507.08952048364654,Road,East,164.07898046896582,8.385011706547445,6.907204741105091,7.238477157308834,0.3312724162037428
3679,204.8474851139595,200.9122945447276,Road,South,20.0,5.8649550806450765,3.4077759838504367,5.159120790688482,1.7513448068380457
6189,169.79866395379292,312.40760797779984,Sea,North,40.92172595582512,6.037025347726544,7.909761129887667,7.579273462344846,-0.33048766754282166
7444,77.6790402816036,179.6318047051116,Road,South,41.01638376198469,6.203020101857798,7.005449670507915,5.245571265223825,-1.7598784052840895
6877,139.07606835098318,495.4397712748392,Sea,North,63.40398443193834,6.183924962663288,8.467684531246663,8.104131212310119,-0.3635533189365443
4467,95.62227874444442,384.0637400875378,Road,North,49.73620372911668,9.919737638453444,6.547266223368369,7.243387744502504,0.6961215211341356
4097,38.05949264248453,312.2699581639596,Road,North,64.47943662643554,6.74731392946597,6.183185055338117,5.955676291754908,-0.22750876358320937
7337,80.21413376146555,194.5775358943508,Rail,South,20.0,7.570854259241183,6.316921137030805,6.344831709478228,0.02791057244742312
4156,93.99397594604618,279.92028003110005,Road,East,34.45019549374029,6.689591602613757,5.814716823494155,6.042778703817254,0.22806188032309826
7134,74.45961738793557,328.7070354722051,Road,East,121.35712472293474,8.21997276857725,7.399577641447845,6.720313640910491,-0.679264000537354
5211,123.71704208205364,516.1709241987847,Road,North,121.78046550691984,8.685383269648538,6.008067580377738,7.151393385421846,1.1433258050441077
4680,241.8631271605549,205.66961789863808,Sea,South,23.35336946020938,8.673613181156142,8.633779302610305,8.049771215440174,-0.5840080871701314
2629,176.69124412164527,1205.870237513543,Road,South,278.5836303630021,7.393290136976616,6.985780436773929,8.29335329443621,1.3075728576622812
6363,37.04833101722568,356.1685630806941,Road,East,76.49493925514112,6.299108618438829,6.906751277751255,6.11372106477328,-0.7930302129779747
2531,187.2594583151888,1717.4665636753894,Sea,Central,199.02502611290728,12.878841999811224,11.77237661612046,13.50371684626564,1.7313402301451788
1512,77.31883342519143,232.4866319980682,Rail,Central,45.6451448632679,6.371409624738046,4.1993953895186165,6.120752899521339,1.9213575100027223
4004,176.33293558920923,220.35035391601863,Sea,North,20.0,10.642866165161315,8.641425398790476,8.96101202290821,0.31958662411773453
4464,58.24960122236232,289.2858196643957,Road,West,40.13484793361367,6.93676397320545,4.714914054784446,5.862031648666973,1.1471175938825269
1010,215.88698178175056,96.63680535300058,Road,South,59.91306246515968,4.906956180229559,6.584514470576055,4.5610864143533725,-2.0234280562226825
6507,142.93089379063295,848.2161521187898,Road,Central,233.58454354693012,7.287489366510571,6.947723053092723,7.442381754580489,0.4946587014877659
11105,89.46181481678798,653.7382033966628,Rail,North,99.97580903573316,6.99207580388233,7.188626042030755,7.491240643466558,0.30261460143580265
2422,79.84766246412738,862.3106909578596,Rail,West,179.2904877779322,11.64945872768356,11.472307330367878,9.576924764259877,-1.895382566108001
2054,79.82796480823362,289.0619253077807,Road,Central,28.180555264923434,4.4234808451308485,6.141974065986168,4.993147242809454,-1.148826823176714
10306,70.25346131965239,939.9633751362016,Air,Central,367.7211495421302,8.737930374559468,7.854747937756927,7.423136821838188,-0.4316111159187388
7637,75.0455019557399,172.6855941986041,Road,West,25.746794228514368,4.520297953786514,4.543121460702593,4.711152178672059,0.168030717969466
6127,271.4540902399584,266.5666721000886,Sea,South,20.0,7.883925072528402,7.6352743478536755,7.922096456249167,0.2868221083954916
5572,114.50996634580112,204.5956584330665,Rail,Central,79.68652891455486,5.206649105446621,6.430215994920304,5.63958240726185,-0.790633587658454
908,101.53632432514186,295.86173013487087,Air,South,97.96094511214169,4.562885253224928,4.3550285557945685,4.1765044112509155,-0.17852414454365295
11097,215.17153005630067,540.2315065876352,Rail,Central,109.13895844933036,6.551136978677396,6.735995369198303,6.95539588213272,0.21940051293441698
7698,103.92000178754292,383.2373387355884,Road,South,129.23139929134186,4.885753123687556,4.840350656966766,5.308825657583818,0.46847500061705194
8079,91.62391635166854,632.5247964577395,Road,East,173.5487522946425,9.107139272914855,5.885617647950339,7.80988450221306,1.9242668542627213
8982,127.5160498496409,159.6076554391632,Road,West,78.8991265338828,3.6283127198611806,5.595930588548666,4.364062290575987,-1.231868297972679
6311,110.26687850160263,458.1430092278233,Air,East,246.25594093368343,9.153572672902891,7.473387180749436,6.597897849012903,-0.8754893317365324
214,109.92428753148998,209.69949560722588,Rail,West,72.58153442139105,7.263596609552978,7.13763833133384,6.355179352653737,-0.7824589786801033
2986,83.66284004429502,350.56433977237594,Air,North,164.87070752175677,4.764327673273703,4.111355856092954,4.570828865708443,0.45947300961548887
9099,60.66655650329832,182.0806842564361,Rail,South,26.871373572645084,7.75114788314392,7.961040835865151,6.3803075915985765,-1.5807332442665745
3115,94.88530668317794,228.04545118878943,Air,Central,71.5859253193778,7.182950205941179,4.966786768760354,5.019945179706214,0.05315841094586027
7261,120.3002690954869,296.1118980096659,Sea,North,46.58053907831017,4.738676385818213,7.146648554096853,7.08930257855787,-0.057345975538982685
11101,100.47101414252646,119.42310248777902,Road,Central,20.0,4.875214130014262,5.316373449986087,4.716398547361527,-0.5999749026245604
6188,67.10477063376005,93.42857958218836,Road,North,38.09476183283192,6.280646386059822,5.93470115688657,5.226983776264596,-0.7077173806219736
10548,89.0456061967742,318.8729872518623,Rail,South,20.484856881614792,3.540679909119008,4.454155987891907,5.242362010603393,0.7882060227114858
6455,79.2413281657005,307.4269597855961,Road,North,100.1402311627479,4.692440373483299,6.153956712338087,5.219727208894875,-0.9342295034432118
14,78.3038752387987,809.0156723054768,Road,North,198.999237756152,10.75472202394586,7.612607491736009,8.64156810574431,1.0289606140083016
2802,205.09338927460072,207.75582139926183,Sea,Central,25.567224670008493,9.109329964523289,8.50514600368891,8.311285548025147,-0.19386045566376353
11514,141.90182114201048,248.31972946590835,Road,West,20.0,4.541803820003977,3.399353266532544,4.900422995026473,1.5010697284939285
1701,125.25612290074108,124.59835711334544,Rail,East,48.01954146308717,6.639042455139856,5.177411997316419,6.210909713389517,1.0334977160730983
2701,114.13205210279249,149.839292957826,Road,Central,23.337616388505342,6.242145024913052,5.775062413247576,5.272946191983568,-0.502116221264008
1320,101.5093546702682,1057.4082659635917,Rail,South,204.50759062960884,9.80666063521613,9.75551635354721,9.348597847123845,-0.4069185064233647
10080,110.93886535833832,397.1820586656833,Air,East,167.02126667880088,3.535865939396353,4.900627156048672,4.455824272709599,-0.44480288333907314
10140,71.32585729123937,179.1004458130096,Road,North,65.4782390665445,8.079927643498095,6.176488842945812,6.080918513313966,-0.09557032963184575
8062,148.31341936076973,640.973583021325,Rail,Central,40.662997706240006,7.140800591610573,7.842119399169079,7.419037706455617,-0.4230816927134624
5028,90.97629443082434,1093.451073766486,Rail,West,187.7508351520551,9.730998307090449,9.495196761071984,9.489630355738075,-0.0055664053339086195
518,102.5242640572236,939.5790366204396,Road,Central,171.33688146251916,7.608587867200625,7.518259811468979,7.784722432763873,0.2664626212948944
10443,125.51433752569004,445.9414937219741,Rail,Central,37.39872270648346,8.631522718392576,7.859800673790486,7.4501877384542015,-0.40961293533628496
3540,134.07336625126212,320.1091598009921,Road,North,42.98333891117053,8.795387727134901,6.044817523975362,6.678715582611499,0.6338980586361371
11941,288.7841766104385,828.2411228722384,Sea,North,74.0476325740748,10.117514095098064,8.991532614584122,10.313392586753867,1.3218599721697455
11835,138.68694916802275,711.4634171869563,Rail,North,78.68145082186294,8.481143662303985,6.1718128057258,8.151457645978734,1.9796448402529343
10458,197.77516482798117,348.7865438320488,Rail,North,113.1514370337459,9.503258123222212,8.28254970780615,7.584806816039993,-0.6977428917661559
4410,93.66429656847194,172.42042484280097,Road,North,29.01398908705919,7.630633119159982,4.881534926099264,5.89744299219157,1.0159080660923054
5700,149.60889399457162,422.0086023915804,Air,South,203.60183814633285,7.128642506024237,4.062638026999573,5.407638567115162,1.3450005401155893
2380,137.65271027351034,96.38141423523363,Sea,Central,54.66661381454887,8.608256079420253,7.872624177291319,7.8658795645372965,-0.00674461275402205
2102,96.11214828960992,254.82521652790925,Road,North,39.63218066889544,5.228000654871224,5.221944030762324,5.263199512677202,0.04125548191487827
6830,103.3850728659933,717.836327165068,Air,Central,350.0104167530021,1.8836190924527436,3.3765146276141573,4.440299173952374,1.0637845463382165
6906,83.63348745213891,160.6623169038767,Air,South,79.13058723332976,3.825448890734411,3.188675648480196,3.5732752621764403,0.3845996136962442
7845,104.60594680700623,654.1184945276536,Road,West,162.12515246127697,8.624727165919344,6.200247549097487,7.394056390600373,1.1938088415028867
10095,181.04465442571885,606.587800215548,Rail,South,109.48551801391154,7.369495269750575,7.529339827672334,7.319758725283797,-0.20958110238853678
10820,72.62327929546198,471.0923476633261,Road,East,98.14937741900162,10.343799289484044,7.636487755469069,7.826296971256623,0.1898092157875535
1643,122.13051644851616,133.21233996907333,Road,West,51.88319028243224,9.809962686226378,7.616366511922543,6.467856918708001,-1.1485095932145422
31,124.3495727706814,434.5120882497265,Road,North,66.41925957245829,14.509722126394026,10.935145224059784,8.984061072118784,-1.951084151941
2227,126.75910763600366,927.9161165658328,Road,East,223.00722860286413,7.984901925233857,10.560595420286392,8.168323021085895,-2.392272399200497
9291,86.2180280028079,195.6459745478932,Road,East,39.40332874358896,6.626915753226126,6.586370401910295,5.808262728640596,-0.778107673269699
10504,88.10977306101492,1543.5709207384175,Road,West,328.2790817483938,10.75661687621823,10.086930900432334,10.431916696651854,0.34498579621951997
7171,131.56409876749507,342.776584700704,Sea,Central,45.57572856536474,9.255760542320852,8.027425009883693,8.719814769027622,0.6923897591439285
1791,25.321561633079146,1886.694965871057,Road,West,493.5503332087314,10.121647379205395,10.448434850861933,11.114000403254028,0.6655655523920956
5398,159.56062117709476,624.3049350165824,Road,South,121.06682087569048,7.359466382155437,5.605080639901701,6.7825211734918165,1.177440533590116
7172,136.9656893323587,343.8525151880753,Road,South,44.15737076403774,6.591810901567903,6.723800699200679,5.791677473444484,-0.9321232257561958
673,129.36020962641538,834.2089681916033,Road,East,164.17610440516097,9.274293918068553,6.089829677609108,8.374703262019239,2.28487358441013
50,56.21751145221554,335.9745629101633,Road,Central,112.44474704613349,3.875736387389683,3.8683530411690046,4.93529711646191,1.0669440752929051
483,96.06014758450662,287.9287661236656,Road,West,58.323701192780526,6.489019020212286,4.173298507027926,5.698153020014895,1.5248545129869688
1923,89.8410003823511,242.9658938930428,Road,South,74.2176150143,6.283599983940012,5.321971328830991,5.437922216302639,0.11595088747164795
11779,97.47782745448582,518.8570549359681,Road,West,115.25743812856066,6.885162447536732,6.162841318590823,6.432659838941254,0.2698185203504311
9221,77.57789849959494,445.2956836693306,Air,East,279.87702749782943,4.151990182534403,6.089448319435559,4.815847904725187,-1.2736004147103719
10515,102.43664802577663,320.75633332962656,Air,East,153.07823789111768,5.200176358240839,4.326386201327385,4.846033921662583,0.5196477203351977
927,178.1067016108702,222.67386935331896,Road,East,32.41675622278949,6.319576482947028,7.111597619028076,5.754416985902017,-1.3571806331260587
5531,46.2732297101866,568.2006632267828,Road,North,146.25023032294817,4.759261458717875,4.79315022211052,5.917827933831626,1.1246777117211062
4919,71.79962590853944,298.9839340525404,Air,South,105.38343233550049,4.760637977253635,4.574402966280454,4.259417470818207,-0.3149854954622473
8498,140.91326638960862,547.8368799584982,Rail,North,75.92402302923409,7.319394098686062,6.667568493605441,7.3260433827050555,0.6584748890996144
1950,113.9216250972658,742.7240648335472,Sea,North,102.81763500286571,14.08401597930459,13.57171195232861,11.520650954005895,-2.051060998322715
8075,56.033923734646926,117.1469782493953,Road,South,71.88714153451551,9.249268193531444,8.08002532919427,6.165555345356075,-1.9144699838381944
2167,29.385009970621084,647.8324922850941,Air,North,241.6839751291433,5.5438428078736735,6.456992968143809,5.619888707259723,-0.837104260884086
7068,108.28107701773165,375.56982596430726,Road,North,161.19679566661262,6.41603081309587,5.436632780472314,6.003615929521826,0.5669831490495119
4924,38.61043879923177,565.6864848892402,Road,North,141.53587634218545,7.152546649123254,7.67836484462195,6.753565414070798,-0.9247994305511522
8384,141.74773449735648,192.82062557042136,Rail,South,27.472167579973828,7.716270754821228,5.978811386293038,6.383528421258544,0.4047170349655058
3034,163.1267016674221,259.7547420937948,Rail,South,58.37845639925299,9.448968652305055,8.004025041128703,7.164375197044121,-0.8396498440845814
11913,59.978018252383,122.59585925502498,Road,Central,26.210832078602863,5.080852319306045,3.65291879473129,4.8036210003917645,1.1507022056604743
7060,83.26378738318766,211.80573966183823,Rail,Central,22.175372739266447,8.746067759399946,7.164835133872713,6.8990670296280605,-0.26576810424465247
9338,80.06836546657665,697.9048463365696,Road,South,199.2439791920526,9.094842010013192,6.509334934859233,7.602817711886696,1.0934827770274635
7905,152.73253971217036,467.1223283297893,Road,Central,131.68082332448074,11.13121987049436,8.70519932851279,7.809015975891852,-0.8961833526209384
4606,169.3289004081427,1162.6408080938847,Rail,Central,172.42697494147697,10.474565072005902,10.595807588068316,9.933832139068908,-0.6619754489994083
2348,94.20193458585732,429.3413037603951,Road,East,64.51546185623926,4.049767317503404,6.572525502489634,5.4986515172470725,-1.0738739852425612
1347,70.99483329646287,473.6029332396306,Road,South,123.24297323919946,8.5700908200755,6.860557102159713,6.838341350478051,-0.0222157516816619
2766,97.28320604951136,402.1268546240525,Road,East,77.50734014570023,5.7754581313367,6.228858793074039,6.037735601966815,-0.19112319110722442
4040,93.40616944586289,391.8916600928284,Road,Central,49.68013174164736,6.310317938522593,5.6796293231402215,5.919295714868085,0.2396663917278632
2236,201.88062127452253,270.23843989560896,Sea,Central,20.0,9.411668212500809,7.667128536150965,8.576194098229202,0.9090655620782364
5716,74.98797528261707,545.1011339408308,Road,North,131.98795797756412,5.234780392203373,5.010707199342848,6.020063129706557,1.009355930363709
10118,179.4381446016256,85.54487571078052,Sea,North,20.0,8.39505899003528,7.074235603649649,7.827209988223823,0.7529743845741734
7403,94.75591126258423,160.4835005128654,Rail,South,20.0,4.046012765911772,6.086977958995453,5.0163626457591475,-1.0706153132363054
7985,51.170664431826005,635.9550609787335,Air,West,271.3704114609872,5.460086401686954,3.608432194616543,5.465872977253409,1.857440782636866
11226,67.95347489802307,213.29009735322464,Road,West,62.99259436142797,5.297085863541319,5.510840178072189,5.093947939176312,-0.4168922388958771
1430,67.78546546373855,198.7211590968359,Road,East,46.42453295537667,6.132718837657386,5.266484394075532,5.645991403907255,0.37950700983172236
1275,53.05771182015465,325.72892280324817,Road,North,55.26886133506355,3.829622955570028,5.375038816660815,4.96028652263604,-0.4147522940247752
7755,74.6880807999512,147.91564273444536,Road,West,48.55120690108927,5.931037408245228,4.82164549018686,5.147593471573861,0.3259479813870012
10181,129.5844079109675,415.94709385606217,Road,East,20.27309308630467,8.978676067694495,7.3685342317574145,7.186497949757001,-0.18203628200041333
6515,90.27131606935836,270.02179992478887,Road,South,75.38893770394779,2.708339178397054,4.775270310305503,4.249475174645007,-0.5257951356604957
3154,106.57718521483248,676.6202060417487,Road,East,163.6347720908287,6.087204122607657,8.286084711144227,6.856356653970495,-1.4297280571737314
3369,52.63309697992615,299.7898227184191,Road,West,120.05818821625962,3.2245140010937696,5.280991756141292,4.595424320415551,-0.6855674357257406
10902,95.18307214052857,511.3938411373164,Sea,West,108.29502857247766,11.588990936982052,12.780680353369014,9.963036022128101,-2.8176443312409134
5635,56.93408321952273,342.21234161382506,Road,North,79.76620619247758,10.365144495523666,9.089307738779643,7.303558581326039,-1.7857491574536049
4708,175.1568464033737,501.3608901016437,Rail,Central,57.66640257489383,7.301589107082708,6.593581612033711,7.119007393543228,0.5254257815095169
4838,19.3472969128638,435.2735844269625,Road,North,167.113249488384,10.183015996406834,6.73575332729037,7.494144840852424,0.7583915135620538
3048,139.90491754969418,578.4307516354833,Road,South,58.50496851801489,7.393120810682832,7.665981879732117,6.671664765189439,-0.9943171145426781
7810,41.99106506823654,116.22249676377297,Road,South,66.57933047702267,8.948121571588539,7.536303782656,6.0586029538657105,-1.4777008287902893
11175,128.2234957807091,212.0008879548616,Road,East,116.12082114674888,4.705070006526037,4.73287361480886,5.1787362220948445,0.44586260728598415
9799,133.26022062471662,338.5662278752047,Road,Central,146.17405221044208,7.518746813022187,5.780326513107627,6.216559772848302,0.43623325974067484
5580,48.57168563252378,165.8304316657663,Road,North,20.0,7.505645596790476,8.494396765440657,5.842068169407092,-2.6523285960335645
7807,59.27285755445775,75.23100657215241,Road,Central,46.523897168263474,6.5944657192808585,5.032035762169139,5.218475150134703,0.1864393879655637
3288,117.99808230611082,187.4262932175336,Rail,Central,20.0,9.418298035536996,6.370298369493243,7.0680651891524615,0.6977668196592184
2012,69.25467198173149,1031.438567039046,Road,Central,250.1216964562948,10.532042960489086,10.153348744963557,9.06257870752432,-1.0907700374392366
7092,90.83270137886304,2104.848812905896,Road,West,501.95975190144566,10.285543255298403,12.753433648742604,11.718011224304544,-1.0354224244380603
1453,87.789001055427,306.1931359705344,Road,East,80.96771596108081,8.506948845752284,7.27086181315502,6.756268218918657,-0.5145935942363629
1078,48.68017203646677,338.6101414281128,Air,North,150.3321489784219,6.903648456277891,5.8482550720454265,5.295857908061874,-0.5523971639835521
6463,146.50766624339911,683.7204242917404,Road,South,86.30376195177729,5.60741666964072,6.062171098167719,6.31442186489503,0.25225076672731106
10501,55.663933639651866,648.9792981054942,Road,North,161.2660592218692,7.425107809091357,7.917471540720106,7.061552657693651,-0.8559188830264546
434,37.49120571239279,772.1944185961092,Road,North,167.35924610849602,7.633624350617963,7.146906062220666,7.451777079333887,0.3048710171132205
7195,144.09409462190692,175.2073929399692,Sea,East,48.1346955594901,8.312787760700019,7.485386564808766,8.237673118709436,0.75228655390067
613,49.50779000645114,429.0978358364996,Road,North,92.58250892631456,6.867012361946479,7.562234092648958,6.297205667411516,-1.2650284252374417
11925,80.09166172700945,349.2139549658956,Road,Central,126.63972749496004,5.498882942851668,5.750790315916588,5.538314898304198,-0.21247541761239042
2993,139.25468066529805,510.6670093034506,Road,South,119.5618994680117,7.043860520815347,5.963174319618653,6.385298589152082,0.4221242695334295
11662,126.5143823795109,319.6575893261343,Air,West,100.04564085505656,7.1196714810667,3.612046869068605,5.20964575337495,1.5975988843063451
1111,121.04991882962176,966.9596698536662,Road,South,201.924400341173,8.081546928253148,7.822327459219604,7.925066957533629,0.10273949831402529
7247,194.8745679432828,452.9669451705656,Road,Central,95.02119792168456,5.463585602437046,7.7884115468661665,5.7683914540532735,-2.020020092812893
7709,169.73709584317436,505.04636754940094,Road,Central,118.2930248814436,3.5467107820336192,4.5791130109654805,5.233714584602191,0.6546015736367101
10790,54.83368641478647,575.7698359703629,Air,West,265.30195245362177,7.5159917561023235,4.505155898324039,6.034436690503228,1.5292807921791889
1282,153.39965902055144,114.67304334762476,Rail,East,20.0,6.523722292993103,7.075464587681746,6.136984463508362,-0.9384801241733838
2453,159.7823172071917,351.7092723798167,Sea,South,26.5533864473394,4.460964093848562,6.731919503973694,6.952170708403029,0.220251204429335
10512,159.03169339789838,804.0945238723718,Sea,South,66.51666022993531,10.92124039823265,8.758977999784893,10.380427726808483,1.62144972702359
7890,141.74187028240618,817.1734028050477,Road,North,234.402398502518,9.652692783295167,8.836166047069689,8.270474276608505,-0.5656917704611839
11958,139.018324410151,779.309408066528,Rail,East,44.02901792984285,3.863396925332364,8.178700997691557,6.897200594412874,-1.2815004032786828
6592,142.17371001805995,832.0477128478506,Road,South,191.8176724160158,6.680657283130588,7.149054892334768,7.084753047065495,-0.06430184526927363
8366,187.61811683216197,212.28944946443815,Sea,East,64.09650167773913,11.803501240382444,8.840549931508606,9.555482485584857,0.7149325540762508
914,103.86494690300998,1083.8925556418378,Air,East,489.332267487914,14.52643632498728,9.383657838232882,10.11439544785428,0.7307376096213982
5281,98.2893761978021,196.29291769271012,Road,East,24.16376902331567,6.543110780319575,4.467392542741589,5.776490104710058,1.3090975619684695
5836,73.88371512993675,437.8568350325591,Road,Central,65.51327004740841,15.069109543485231,11.262838209698764,9.121633386004255,-2.1412048236945083
9327,210.315609471634,132.48626550648837,Sea,North,20.0,8.917759056322748,7.647464149985956,8.125877150812176,0.47841300082621974
1197,105.0926951944992,2105.911307537098,Road,Central,500.3667256998869,12.748918794096197,13.88542940233156,12.60515554398419,-1.2802738583473712
6387,50.55476202566737,289.7366847598232,Road,West,136.76413120540786,6.114936454148865,6.464030559141556,5.589055645816613,-0.8749749133249436
9566,182.53622123494983,257.9549168998328,Rail,West,66.24321287117687,8.494829420010845,5.57920914878854,6.899332326796277,1.3201231780077372
7733,92.92548677133436,88.77601310593332,Road,Central,20.0,4.315087688971911,5.429802788476966,4.4425801126212034,-0.9872226758557625
2876,77.11436442220392,369.0787290064234,Road,East,151.05537912158496,6.199128529827139,6.3906422644401175,6.116130544594585,-0.2745117198455329
8323,30.71326178695344,468.3053528189909,Air,East,257.21143704008466,2.2863203749289163,3.7901322430308735,4.221896345895798,0.43176410286492484
5908,62.29597484459075,814.4828054785937,Road,South,237.6417173626208,7.481918241930174,5.371252159618009,7.340138020728574,1.9688858611105653
7998,94.5415383277639,474.9662831918642,Road,Central,89.69754281534952,6.897644783055379,6.803566566157043,6.342655340055064,-0.4609112261019792
107,95.43673282130266,476.9321878555121,Road,West,109.45211943672184,4.6667492273073625,5.185442051532933,5.54533332476719,0.3598912732342576
3689,189.5179077599109,253.38969940305537,Sea,North,21.103579505980523,14.114454489989246,12.855918452342308,10.264154293530716,-2.5917641588115927
4607,108.65807840075108,462.5583253610324,Sea,North,20.0,13.035326859338142,10.97248836828152,10.428313391141183,-0.5441749771403366
9975,84.55570032647542,568.0906064236858,Air,North,224.9563837995265,6.224484554921545,5.209118311986354,5.64597388291202,0.4368555709256654
11334,276.717011708726,684.0334599331034,Sea,North,95.10460992066652,6.630333513477714,7.87121032503344,8.725042693663099,0.8538323686296589
8091,96.3379835345422,413.8148673214969,Rail,East,71.03469436072444,7.574813247832099,8.097087029536496,7.28305349021273,-0.8140335393237663
8216,171.82000569864866,245.291339226516,Air,East,67.421519889221,8.641771835452765,5.481242390273543,5.842065588460303,0.36082319818676023
967,127.67769470448856,448.9394597704289,Rail,South,90.2838321151034,10.643265409620168,9.364535134403807,8.075268621774988,-1.289266512628819
6249,44.22599625924197,136.09527930702373,Road,North,42.627885525923496,3.636227667596836,4.158691657487654,4.409502138494463,0.250810481006809
217,153.44832491069582,543.2063404349473,Rail,West,52.08180767463808,13.034181997357656,9.963134330566987,9.22343759740378,-0.7396967331632069
2982,136.5279138692947,324.3683142681987,Sea,West,35.18481831610372,11.693916458882557,9.888425849371918,9.507810122695032,-0.38061572667688637
7443,114.91284362300485,488.3468114815321,Road,West,157.7804286127118,4.437720059326484,2.984021265734729,5.497842083770478,2.513820818035749
5579,378.2777021863168,289.14485365471745,Rail,East,20.0,8.430422211714625,6.363244284009965,7.218207253646254,0.854962969636289
7699,86.00662871299701,737.6482724559718,Rail,South,112.09763446280232,7.6490989655329376,8.32730463636158,7.765732123199418,-0.5615725131621625
8475,72.61179425620396,352.9499091219914,Air,West,212.58023792057597,0.3371894163864191,3.329109339655596,2.932985718501992,-0.3961236211536039
4950,212.41460296483996,323.89579306703934,Sea,South,20.0,7.223854478057613,7.333233351477509,7.844431524544847,0.5111981730673376
510,115.55377719098726,180.04007330061054,Road,West,70.00546882244004,5.020638953959637,5.743175790276027,4.906172427068916,-0.8370033632071108
5234,126.91265705021009,289.7528426982016,Air,East,124.72144179786848,8.39560462064641,7.043017782350488,5.883327965420833,-1.1596898169296557
6820,177.25027138596056,221.29578653037404,Sea,East,47.884776501559344,4.079797495844882,7.735668407615722,6.861305788544769,-0.8743626190709533
4483,48.52521038220195,362.3552901665077,Road,East,80.69358080210289,4.394126066820823,4.275962960792582,5.458417246737373,1.1824542859447904
6062,150.53696183773158,411.3041639606977,Air,East,163.48377253892687,7.122161935774621,5.540931148557037,5.746655947248455,0.2057247986914179
573,117.37127469073704,649.3953562621004,Road,West,122.33814995246388,5.778237615315618,5.964204595512993,6.37343808969603,0.4092334941830371
6575,158.31745410199082,317.4184839540728,Rail,West,20.0,5.741492026558565,6.975902589323389,6.0792241359735035,-0.8966784533498853
39,71.47253684013585,868.714417406975,Road,East,161.6585539108956,7.535832249012792,7.852225167386984,7.85921467689924,0.006989509512256298
4217,139.22915116833423,394.7945649476629,Rail,East,24.39224459820561,11.38661489897905,7.801095428764301,8.562279323047763,0.7611838942834623
3910,130.53630977588267,684.5197094926976,Sea,North,109.486644430401,8.635507822774223,9.08624480274995,9.454990901319267,0.36874609856931606
1623,183.0123489883964,173.34327074559047,Rail,Central,20.0,4.838672654646691,4.151713966385304,5.412122340681588,1.2604083742962837
7281,130.4855575985158,172.81029866227934,Sea,North,35.91299090212164,11.01700731951842,9.240993501301295,8.980692995287946,-0.2603005060133494
1414,182.26416480865743,236.90438861537697,Sea,East,20.0,7.928982816920082,8.93020107235258,8.249983150841638,-0.6802179215109412
2564,88.61893107947851,601.4768642679827,Road,South,187.92961758980664,7.848360459172401,6.414745850191734,6.916352165508439,0.501606315316705
6848,175.3627958106503,1425.4582666900342,Sea,East,120.8565454892868,21.89266983043776,16.071869497125313,16.19882925140926,0.12695975428394846
2406,73.7761936228548,913.3318945391768,Road,South,221.84514885783915,7.900613267287704,6.130132798006676,7.734836300359419,1.6047035023527423
8844,168.3972045895934,144.82118363843156,Sea,North,24.888242944549717,10.749952203203554,11.261547800627206,8.808452813725642,-2.4530949869015632
8643,30.57547733341774,302.8857636705214,Road,South,20.0,3.639047392067415,4.886485780319468,4.6612449218615835,-0.22524085845788466
5226,52.30112924329462,952.89745296458,Road,East,212.4217289010209,4.4797860792521575,9.054893732908909,7.008596012789958,-2.0462977201189503
3284,76.91868806656647,712.6888960023657,Road,East,219.6096282061222,6.786777318954097,7.666364336208501,7.206446375740543,-0.4599179604679575
5478,82.20875775358654,735.9336776963797,Rail,West,102.14414578677123,12.6807491979887,9.493281868676764,9.606876127658904,0.1135942589821397
346,76.47288295223342,508.9565881856826,Road,West,99.3949256752017,6.055002603149358,6.984615750731542,6.11635412091759,-0.8682616298139516
7222,60.883225453055466,97.57823032075584,Air,North,20.40059251703549,5.216300361806565,4.461720600719215,4.069158289346521,-0.3925623113726946
7110,143.79006987081024,663.0712483924893,Road,West,165.94198417471043,5.248121930678913,6.104569643485102,6.224117382089517,0.11954773860441481
2628,134.95710996031426,477.7230367210809,Rail,East,59.5826173796786,8.52468876535313,7.1586500732705325,7.772330704290969,0.6136806310204364
9843,158.38382905480086,260.9167572520355,Road,West,20.44727498717009,5.736376894348951,7.339356753285795,5.350212220281415,-1.9891445330043798
3314,127.81051257878433,405.5592654439621,Road,North,96.01544690501142,5.7477041462395935,4.458698304393908,5.832687052781363,1.3739887483874549
7632,174.82734442966614,275.5879264999615,Sea,South,20.0,6.57991699520135,7.643426706563076,7.500637881687907,-0.14278882487516942
3043,148.98337161130414,680.2494480292241,Rail,South,152.31507358341992,8.751330022652168,8.383636920349891,8.003872508068714,-0.37976441228117785
10670,193.4363986563056,972.9480833499384,Sea,Central,94.73949005579284,12.711420463637804,9.78976577646614,11.53564734021462,1.7458815637484797
4993,93.81273731757332,282.53955684145274,Road,West,74.9792290266038,5.463764123337172,7.258472040712679,5.326586447090574,-1.9318855936221047
7422,36.39443449544636,109.17277178763092,Air,South,53.75306419535529,2.140473514229063,1.971590768929852,2.853076722835781,0.8814859539059292
4047,91.83380081860864,100.8559576955782,Road,East,36.838769344132736,4.284896996326321,4.634878029797319,4.742359121107144,0.10748109130982542
9057,109.09742440437346,125.0750274515869,Road,South,28.88123210595632,9.687490463425805,6.556553601157329,6.325908511130743,-0.23064509002658617
11995,179.7296132163594,908.4274988507508,Sea,North,93.82992884022472,16.57291395047687,12.1363628723569,12.80641322684237,0.6700503544854701
5034,65.13122298695299,509.9972351673435,Road,North,119.80392047862728,5.411694868891092,7.446404418581633,5.992718378476572,-1.4536860401050609
4610,167.96369611993904,134.00978865915525,Road,South,62.25319062427752,7.911376515843037,7.461375479613495,5.72010897792965,-1.7412665016838451
11956,90.8761203114568,1101.4347087453302,Rail,West,185.35837910100585,12.359144148802145,12.181644635339778,10.433881590256744,-1.7477630450830333
5335,164.47716548343325,1579.128253717148,Sea,Central,203.54101090354573,13.379496884269573,13.968103835578749,13.331964188923916,-0.6361396466548328
9591,50.20824006864407,377.3713069340179,Road,North,91.73395247367564,3.7831204428679097,4.966290904964973,5.080881574415376,0.1145906694504033
11791,166.04196547908893,796.6536202267923,Road,North,147.0944764574092,9.283442861005703,6.697969908378778,8.072419134759858,1.3744492263810804
5011,44.33620721161772,262.3897462510681,Air,West,108.79604017420893,4.9927178490898445,3.721414923293044,4.329312355746952,0.6078974324539077
9039,65.14824960517282,413.6474836597568,Road,North,76.99932746531196,4.528640896018377,5.499837044763144,5.431029468863633,-0.06880757589951081
937,151.62631156047163,441.7471775277119,Road,Central,101.68232533224676,6.600678740593616,4.156358926715237,6.14705726924302,1.990698342527783
4532,110.135660469448,229.2389691512101,Road,South,39.706926006369685,5.376934616085216,6.345757558145001,5.076254523059073,-1.2695030350859282
4844,167.6362458526972,339.24334297907416,Rail,North,55.46738002826186,10.521592562722375,9.28770973708458,7.9148758959831556,-1.372833841101424
3464,34.82076448549052,859.5816154620735,Air,North,394.1980736045939,6.460962757133504,6.361351317008611,6.501868260417394,0.14051694340878296
8069,122.8300501615487,953.7425418701876,Rail,East,170.53195396925312,10.662989572289336,9.124526735531424,9.75251526917381,0.6279885336423856
177,164.33360584684775,323.34476371308443,Rail,South,86.02824041238279,5.239290949871684,6.102732304064782,5.849385383084567,-0.2533469209802153
7333,138.19008204772126,580.6303372761334,Sea,East,52.62295497356878,8.748001619645997,8.66373767097139,9.423288727332487,0.7595510563610972
3602,169.26045257673115,1205.478711895601,Rail,North,76.88925082357996,9.481556551533515,10.2593293781037,9.75489350599475,-0.5044358721089512
8302,170.35865038857088,662.1642153544825,Rail,West,129.42780813504032,9.260133587783194,5.934875833218154,8.20723439542429,2.2723585622061364
7501,143.9417236677685,991.5733081299722,Road,Central,187.3461210001093,10.45499801899305,9.011761033493157,8.91418161340593,-0.09757942008722686
10631,103.79689480487043,438.3493463119594,Air,West,204.7828816491593,7.876585539978466,6.086417227790333,5.795952922341671,-0.290464305448662
1219,96.32169231666052,445.09562068350107,Road,South,181.37391524621432,2.875682985037121,4.406566609111956,4.767779886469594,0.36121327735763753
8310,118.41764214730408,332.3550999765856,Road,East,115.69551301651413,11.088551560001202,8.30833028692939,7.731156176007156,-0.5771741109222344
11353,145.4323178411183,262.6544676211953,Road,East,61.03052923898901,10.815705689086958,6.064351752264674,7.446183149756475,1.3818313974918013
7019,19.821232519388143,393.9939757501425,Road,West,111.698328615939,3.545052506928341,5.035247149626674,4.9513569382631495,-0.08389021136352426
9842,64.7079647825912,220.1802545929573,Road,South,95.01137762961817,5.942794870784256,6.084367549271953,5.2667752000974835,-0.8175923491744692
457,168.37107556268174,223.3355393083073,Road,East,38.92530747181472,9.82160235309837,5.147532177828154,6.990060007422117,1.8425278295939629
5064,59.40064881157348,292.0958571880278,Air,West,110.84240162919272,4.199415181575621,3.57461214193738,4.123946846851355,0.5493347049139752
1157,99.48247858724773,313.4289602384201,Road,Central,35.284970002671486,4.063167045823299,5.776281259692203,4.926524822878161,-0.849756436814042
9514,82.56718463533971,331.2201510551807,Rail,West,20.0,9.439877919127191,9.01676715861508,7.42611195258338,-1.5906552060317
3238,91.75689547710962,247.51216974363072,Road,West,56.23317022525693,7.014270497885381,6.05825159248046,5.780423828783504,-0.2778277636969557
9830,71.7297948990691,242.58596174648645,Road,South,72.78514465488757,4.928020433957,4.561609827540727,4.962678651173977,0.40106882363325
1213,199.2893392749557,386.71587532206064,Sea,West,101.4763794379804,9.781778714605942,8.576833965559029,8.994128831629512,0.41729486607048294
11131,58.82402368845213,1226.6176348150257,Road,South,364.2087774964516,9.068429565971766,9.687031594362956,8.964753264417848,-0.7222783299451088
11480,87.05608468062829,869.8285208084195,Road,West,234.37700340945068,13.193454835066598,10.38242641685916,9.562256762478548,-0.8201696543806118
11848,75.50084038601246,542.5267077462563,Air,South,328.55497826796307,7.530299602703941,6.097177478473771,5.884083618154483,-0.21309386031928845
7836,179.65687436806533,316.2398322520193,Road,West,54.13969906228847,6.351223630557364,7.1131702026878605,5.708813859317122,-1.404356343370739
10623,39.33435779204535,942.0379768382688,Road,Central,329.1917468403344,6.156801962360872,7.990677454439048,7.312185529993304,-0.6784919244457441
8943,197.313927319114,667.9033767063455,Rail,Central,109.20593290012054,9.442263949536702,6.680723680594993,8.299477582089336,1.618753901494343
932,166.11321879915192,648.3263029390345,Road,Central,168.0545147141438,10.234753515479223,8.110453683371256,7.9577903271364505,-0.15266335623480565
4722,191.3275249374296,231.3161912410052,Rail,North,20.0,6.920644558580603,4.449764637338749,6.365474504085862,1.9157098667471129
4193,320.9380156359179,361.5789054232724,Rail,West,74.81326405952038,6.226298312037873,7.185304450521056,6.345947505597161,-0.8393569449238951
2231,106.40849697314044,413.2615097760882,Rail,North,62.16791536571634,12.375714347776784,9.113617269253364,8.765128401176618,-0.34848886807674617
2651,130.38920557117308,601.3667108107468,Road,South,150.012552629906,4.354548508991291,4.180262047634485,5.675818263148303,1.495556215513818
1984,148.699280602799,594.6968274702056,Sea,North,99.49505355431948,7.14350166527834,8.998019806306418,8.69775256489206,-0.30026724141435857
8806,164.4694555838938,226.7421109233751,Sea,South,20.0,13.160465253096866,10.597045265106862,9.692203474801472,-0.9048417903053902
2473,76.8144525471074,227.9185007854987,Air,West,38.084213292405714,6.819447763057244,4.131046672359172,4.869228418796782,0.7381817464376095
1433,58.63759639054683,162.31352919752854,Road,West,34.36429662254874,6.257859842194861,4.937680728996898,5.299483817961747,0.3618030889648489
10883,65.5716417494558,140.6752450564624,Air,West,28.000866095327847,5.026859629816896,4.093847249879897,4.017148125664437,-0.07669912421545977
5367,221.36075908596573,812.5269075857707,Sea,South,67.84253090202174,7.652347182578353,8.545639487288962,9.243290417728833,0.6976509304398704
4031,54.35135720557761,442.85782565334216,Road,South,119.54960488897429,3.850474083836095,4.831879227616805,5.102262544611369,0.27038331699456375
2214,127.910957581753,426.4458576191629,Road,West,112.94268663423536,9.485735267670863,5.689169220529388,7.107420140486084,1.4182509199566962
11257,50.69749821381959,425.162093097337,Road,South,110.75902759615758,7.74396391034968,4.988837870156232,6.4258174739213505,1.4369796037651188
303,116.75127493102032,764.9555017236011,Rail,West,178.05193003703795,6.117805424407093,9.073526217290608,7.378349897010196,-1.695176320280412
8944,195.64753013724925,243.86251572395616,Rail,South,20.0,4.908198626504112,5.061233948905686,5.516801074092817,0.45556712518713116
10761,150.99711539943004,463.0154936239473,Sea,South,116.70072329843975,7.867711134361553,7.416568688429121,8.447470247150118,1.0309015587209975
970,222.9432283813958,300.3026116685964,Road,West,76.72015727948448,9.587026036340582,4.808999952421191,6.803117459056421,1.99411750663523
10421,145.047718293444,1077.564021390856,Sea,East,138.35834469785766,12.395114116434202,10.905887582703851,11.980902241717303,1.0750146590134513
5414,101.82782345334168,201.0302756350221,Road,North,78.6492054770416,8.534621614394467,6.609271216943457,6.293992957476283,-0.31527825946717325
210,213.01171456322544,572.13080770155,Rail,East,94.90620847654768,10.318205506708155,9.33997676724028,8.636738773299896,-0.7032379939403839
1934,105.28418856342203,774.2153648565261,Rail,West,51.18074758881225,7.984185044739141,9.18699913383218,8.041878645020855,-1.1451204888113242
11695,84.016556657726,776.6592774630742,Road,South,215.77556417621764,8.211654207149811,9.799783409600238,7.494275688467597,-2.305507721132641
651,154.52098248738432,210.76776769220592,Road,East,20.36339850007676,4.979951164545526,7.935125839996988,5.254762323925196,-2.6803635160717914
11205,169.7599203303079,649.1928982995253,Rail,Central,122.7493498218147,11.375142639588123,10.886451832708016,8.93763246768038,-1.948819365027635
9309,79.77770699648936,231.79910269887603,Air,South,138.69270561768565,2.035306507850501,3.606962930438844,3.133678373560106,-0.4732845568787378
10142,127.03367932251048,220.49825419155923,Road,Central,87.5821281542911,7.024175423738468,7.302587713423573,5.734928464129231,-1.5676592492943415
8233,102.43574984612928,192.46039906196168,Air,East,43.29219503226101,8.234338971996115,10.290519889202278,5.571176910316201,-4.719342978886076
3613,101.5059975720605,267.6593600225215,Road,West,23.120816260118666,9.38467412075235,6.887253571680823,6.659140704829892,-0.2281128668509309
6817,59.56242148479741,308.5098487623319,Road,Central,32.97115557204215,5.367177425966426,5.479058293152574,5.378148194861105,-0.10091009829146902
6022,131.2714992384773,334.7392182719795,Rail,Central,52.80042071754641,7.000684349574623,5.188252733513126,6.595194640603779,1.406941907090653
3014,135.2025976699351,348.1795235310284,Air,West,159.19930156643449,8.878691160154812,7.704373971461111,5.9079512252558235,-1.7964227462052875
11922,163.39174740506502,153.60000245902518,Road,North,137.634396343665,6.305367672559829,4.08745151345433,5.388740622155892,1.3012891087015612
2974,228.1079934009891,428.8534782675816,Road,South,148.0635520173806,4.743443567530602,7.784006536944252,5.359224471119662,-2.4247820658245907
8106,80.83449203307356,516.96717568007,Air,North,162.71652063926246,7.640932241518301,6.701576087402467,6.005777345138314,-0.6957987422641532
2318,211.9174340143578,270.98202878203386,Air,East,100.2524121346452,7.121368504310848,4.203114619536747,5.371488337846877,1.1683737183101304
1421,142.80213134983185,138.8242068578357,Road,East,68.72686070330471,7.809166234501462,7.183477599355869,6.075398952569705,-1.108078646786164
3547,99.87627109646527,554.0002792075928,Road,East,140.64936793025328,7.421560555056754,6.301001548718627,7.011495185674766,0.710493636956139
1139,48.52546722943657,831.9203967785658,Road,East,162.81258850127207,9.95742577612164,9.242574639142358,8.620810721140042,-0.6217639180023156
9755,108.13856515579982,1952.617080563798,Road,South,483.0813715917934,13.961259148243816,13.35071609799968,12.541496994408405,-0.8092191035912748
6854,84.09271120374764,82.26814969991348,Road,North,41.60031567475987,5.705274313471191,4.158629729700612,4.994256312680265,0.8356265829796525
7793,160.6310744638263,185.404544125942,Road,West,58.99701500057057,5.776229751215864,4.681391232432394,5.177352012658892,0.4959607802264978
7246,66.88057843639984,579.4247354663191,Air,West,237.7632317686773,5.028320912108024,4.630891558776872,5.163166299187829,0.5322747404109567
2879,78.09169679296873,494.192571921884,Road,North,186.22392756403323,7.727733165702414,6.430635784610328,6.774596331891047,0.34396054728071856
749,168.5403444757984,645.2644127742217,Road,West,160.44400347794297,7.013011673231997,7.787644221139391,6.795093664859667,-0.9925505562797232
11352,152.67219173453324,192.1633125971975,Road,South,20.0,10.001717369054044,7.861173551871713,6.599364775080287,-1.2618087767914261
8372,91.27720604830198,169.04944105956474,Air,South,110.73427982428844,11.49551131344905,9.961733205154443,6.295414963567656,-3.6663182415867874
398,189.8679656569872,223.4341645185244,Road,West,24.763839095740572,6.743783297396421,5.573588865625038,5.605165414182859,0.03157654855782077
6983,90.17571120003534,314.46341655708386,Road,Central,123.89269062454862,9.530463250196847,6.138778740023591,6.865903786656766,0.7271250466331747
10449,159.41843040334305,699.6513424161201,Rail,Central,71.14475698638259,7.861975941411139,7.229752272689266,7.824601126765431,0.5948488540761652
321,167.11319447999148,293.2770184448132,Sea,West,20.0,8.206698655052401,8.31761768450771,8.195688173532563,-0.12192951097514637
3617,256.48322934268026,181.35333238207647,Rail,Central,20.006498227317586,11.919726034697268,7.959066208863608,7.91198491018746,-0.04708129867614819
7348,81.48621714229154,504.7729853293262,Rail,West,77.18628169060031,6.3130728919187655,6.5057276490539335,6.776146867049115,0.2704192179951814
10442,56.57463252068165,139.41623127060834,Road,Central,20.0,8.474224309503885,6.7466578347565855,6.039403499009943,-0.7072543357466428
4602,181.3452818313125,849.4589880167009,Rail,Central,144.43367072247477,11.89762854316498,10.572092885381792,9.632076386626528,-0.9400164987552646
6605,155.2379846428359,612.8139478377038,Rail,North,143.35109175884588,10.08274459806428,7.521938181321692,8.470616505028577,0.9486783237068845
4094,132.136856619359,468.3074119108063,Air,South,242.88499984253116,5.673562921925607,4.239236699193219,5.0218215934534856,0.7825848942602667
7589,110.71813355736002,562.5304339940405,Air,North,263.3486243592252,6.1119544586911605,4.687644279979573,5.593885693811187,0.9062414138316148
10412,62.34637094417469,911.384463058468,Air,South,387.35163660126017,6.5133147221765455,7.612909871810052,6.474799143226182,-1.1381107285838699
11478,150.4742566994616,434.899551824397,Road,South,111.41586654382463,1.5066660465621775,3.700054564619458,4.242464999811123,0.5424104351916648
3886,139.5861226738221,227.76022606688335,Rail,Central,34.68793712264228,5.623379521718392,6.968820137363515,5.834953930878417,-1.1338662064850986
11177,67.2288872887955,347.70026904392057,Road,Central,44.192304366012806,4.894569872842401,4.530109246460573,5.312079980276154,0.781970733815581
9164,129.045175130042,389.3762989910186,Rail,Central,34.522062879781515,7.644708682702658,7.120295340638761,6.958359708913098,-0.1619356317256635
764,52.37628830773984,540.5261125599254,Air,North,288.03086025249416,3.835744539897875,6.3642539080650575,4.749510091645535,-1.614743816419523
6676,138.28797824199404,310.5219370693612,Sea,West,39.713947274129865,11.514220217369964,9.83004679247976,9.40978742574054,-0.42025936673922004
6162,86.11346749730833,700.9485916439202,Air,South,342.1565767833945,3.718793393190357,7.553429400703983,4.946911823642585,-2.606517577061398
11833,54.99204311621392,211.0382998856296,Road,Central,20.0,9.043983412210888,5.085708414979976,6.422156190143479,1.3364477751635029
10923,77.43336413124594,284.3075198075499,Road,North,20.0,4.849236277681715,5.704545269860683,5.2049192088031715,-0.4996260610575112
9741,103.8069288478605,437.6011578876951,Road,North,110.90238273189892,7.423220438801019,6.464211847485355,6.50907271059379,0.0448608631084344
8328,126.82114737176732,485.7385405845357,Rail,Central,20.0,4.825485668592108,6.9117892829514505,6.210208303761869,-0.7015809791895817
3033,204.2837691716086,668.7062474845266,Sea,North,75.94651084707654,10.380028862936522,9.540262345789776,10.012678723578091,0.47241637778831524
5095,169.25094001381802,149.06352974485242,Sea,East,20.0,7.739832467783295,7.31913527779869,7.961981623745785,0.6428463459470954
6357,148.20039825574318,624.5539409519422,Road,East,146.74016970552324,8.977895227613175,7.013048194388849,7.732028157810492,0.7189799634216429
10743,169.3652131220505,338.6237313754688,Rail,East,60.17009819666887,7.376790625118444,6.796937623097488,7.009912703645502,0.21297508054801373
1665,74.79461944082372,388.1422409001197,Air,Central,252.78379971477813,4.475096370691388,7.425393556478528,4.503561651481488,-2.92183190499704
3132,137.8541443488682,331.02294904916243,Sea,Central,20.0,7.505195462425238,6.467121289894925,8.069711141459454,1.6025898515645292
8126,182.07256237308223,198.84843267855592,Rail,North,39.29519846790992,12.904942858975806,8.033171696379782,8.391588554061673,0.3584168576818918
473,152.61537705539342,175.412971906388,Road,Central,33.83581813938976,6.635850957008554,4.894476754301532,5.472285564061355,0.5778088097598229
3994,193.02121702004249,663.1387242181518,Sea,East,37.83288418610495,11.017766724560856,9.52173929265964,10.421194122458093,0.8994548297984526
11513,53.45949203163852,462.9049082604526,Road,South,106.25585382226647,3.12369317407233,4.953997473060967,4.895885585442088,-0.0581118876188782
3026,90.52835634866793,281.52285070247206,Road,Central,81.7280117728774,2.616475719333041,5.268462124299433,4.344539840604107,-0.923922283695326
11713,76.50378812692846,631.1870584932901,Road,South,206.7226578832891,8.220924808084717,6.6086655526454585,7.1273920679057925,0.518726515260334
4679,104.95091470315542,164.60897636517717,Road,West,38.57559948885836,4.634608464821104,4.983401024128915,4.728247582465905,-0.25515344166300924
4649,119.9865804006146,696.31368183411,Road,North,135.14919666804047,7.357900740211881,8.651362849084196,7.145123684440646,-1.5062391646435493
10101,73.50641278196612,284.324673686489,Air,West,119.72012499625382,4.089154465907616,3.736908136933132,4.064599411684926,0.3276912747517935
7065,86.34685820675958,307.4792215810941,Road,West,117.70014203327196,5.742764989993002,6.20120783661775,5.495316121157753,-0.7058917154599973
6786,85.23700630739974,347.4449776448897,Road,Central,97.02808099115904,5.494039999876641,5.382776617959465,5.527137382393247,0.14436076443378187
3834,67.7960474285024,262.83430582158303,Air,East,159.66719487429708,8.986067716575695,4.48714806769534,6.036190914396878,1.5490428467015374
2995,82.47173271582304,120.15727569655088,Rail,Central,51.89502466820332,6.2370694842483445,5.807475603710006,5.787970907363981,-0.019504696346024808
1399,120.07264195075544,269.5367854442471,Road,West,116.29568182275062,7.69433573108049,4.3058222844854965,6.080001705263362,1.7741794207778652
4731,131.66243501171726,472.94157684157983,Road,North,101.76157212796528,6.865542338022612,5.93631660787907,6.397427808772708,0.46111120089363755
1351,91.01805004613628,360.80073126911367,Road,East,82.65163113501413,8.111614228912904,5.982530376655088,6.755876661972488,0.7733462853174
11256,79.35884328646812,541.2540453528553,Road,North,141.05798554338412,6.634466346485226,7.111441547194403,6.50317527148369,-0.6082662757107125
5354,95.204559192108,303.7613440615623,Road,East,33.90566616467809,8.918950645879907,5.9339808071218725,6.8871820272131465,0.9532012200912741
5120,91.7404137831307,596.6250776089337,Road,South,145.47532157180984,4.685329051081726,6.133985303164725,5.78512112576476,-0.34886417739996567
1697,76.0763833863015,570.1817129199763,Road,North,175.77467337621886,7.08947519302411,6.443373777943651,6.742190812072973,0.29881703412932215
251,99.83389535468966,234.89673165380924,Air,South,117.2187249903981,5.179378309923144,2.6483081667688744,4.241265639566086,1.5929574727972113
5524,105.13726674862086,234.3954299570268,Road,East,47.01538278966524,9.31567146702348,6.347052454868295,6.8507028243614405,0.5036503694931458
1883,85.69870573474844,180.48848898168328,Road,West,63.58161887106026,5.361097511859617,5.508119613476754,5.030517149065827,-0.4776024644109267
10053,148.9371702075489,599.973018469009,Sea,South,50.6204069584316,11.433492941526229,8.143835956291458,10.040684445449385,1.896848489157927
4783,135.76811023742724,654.09737469545,Road,South,123.25169762489092,4.534423361023119,6.576564504659019,5.868575512919202,-0.7079889917398168
5210,77.34872607196426,489.7185777287213,Air,Central,274.47860912508514,3.545663187493153,5.675576017739135,4.437736019063784,-1.2378399986753514
8681,96.5885788075106,386.9842360101388,Road,Central,74.52915065519022,5.165297023459916,5.221614103028392,5.50720455250905,0.28559044948065804
5544,89.00805619060901,179.16380200394488,Road,West,37.67233847503143,5.203280956490829,6.683855005780512,4.967468655850797,-1.7163863499297154
11360,70.49790467518883,226.77877637185097,Rail,West,55.768581657377865,6.7087069259565855,5.730753584022941,6.206866004158778,0.4761124201358369
7578,60.295574387506605,184.764159021797,Road,Central,50.41523151353915,3.212938637472962,3.987750357251403,4.308213512600108,0.3204631553487056
9803,192.5905020428507,364.3256838853732,Air,West,127.89386557375688,6.359288143465738,2.745548009971289,5.050090109993327,2.3045421000220383
11321,90.46804952541147,250.3347644575178,Road,East,70.61209817776994,6.064249145437199,6.685751582198448,5.753287111394849,-0.9324644708035992
2980,116.32787699226716,414.5258815342886,Road,East,88.65308675494546,8.393608757520425,8.062005770084536,6.988817122490138,-1.0731886475943977
5130,57.814562949730686,470.1223606921024,Air,East,167.1746761574548,4.436785804665419,6.758580733094592,4.965987318836307,-1.7925934142582856
10846,58.206610962626,461.4208188284906,Air,East,209.2625341770186,6.819338103850408,6.189737837569984,5.787700660820034,-0.40203717674994977
8146,145.1116970270145,281.9575312315547,Sea,South,20.0,9.669452567735393,9.265027639948798,8.60773925778372,-0.6572883821650777
10063,99.7457834066202,357.26839707497265,Rail,South,20.0,5.73168227877582,5.578577398555845,6.108904134343785,0.5303267357879395
7412,58.46590561108142,202.78249713472923,Road,South,30.769090170495357,7.286800122613154,5.97848261485114,5.686956365180608,-0.2915262496705324
2442,93.64675907654028,922.2241328663296,Road,West,267.0967335800891,8.789058845832345,8.984340609339542,8.150250281075708,-0.8340903282638337
8898,39.36886749320191,143.92097496343897,Road,North,20.0,0.9778396404977984,5.033637343400978,3.4919837097120654,-1.5416536336889122
8663,110.8425524567031,438.0171055515738,Road,East,145.4816784735616,6.445794140268617,7.271056257221582,6.372449687472972,-0.8986065697486101
6800,53.81963211530546,272.5830157295386,Road,North,20.0,4.112320865405559,2.610715620034761,4.919410822230343,2.308695202195582
10688,168.0090822016158,1092.9399683211743,Road,West,252.82785150966768,11.168997194938372,10.392845423218354,9.408431256336398,-0.9844141668819564
9782,235.5151221979244,701.0177157555255,Sea,West,20.0,12.229287556933198,9.7985414424442,10.637259971276064,0.8387185288318637
11293,106.96839516525029,1230.4652078589556,Air,West,567.7999402107272,4.098933736552823,5.460159019450872,6.533150376206178,1.0729913567553062
9152,145.84348296520412,112.98995366429313,Rail,North,20.0,8.168117537768685,6.103604172676677,6.509950476256308,0.40634630357963086
2495,92.9370889625105,437.4928763033093,Road,East,107.95059576463714,6.72474962118553,7.511035443061394,6.46650289302425,-1.044532550037144
9002,43.34587251887796,317.3350998167454,Air,West,154.35145483470495,1.602708227790561,1.959694683218284,3.283475412084939,1.3237807288666552
8828,120.73096354597747,170.55422156788137,Rail,South,36.579327821465945,10.267423034364432,9.19604321673637,7.2284836768721,-1.9675595398642702
10046,48.4515644729304,292.9381969926003,Road,South,100.56628454405548,7.5088478171072675,5.402931756947057,6.005743489748313,0.6028117328012561
7822,161.0330038586182,307.2864722076385,Sea,South,20.0,9.48498385588498,8.94438259601199,8.604940925154558,-0.3394416708574308
4812,165.9918611970499,222.09775535783504,Sea,North,97.42848861696326,8.720823804417414,8.210222709476392,8.30205930042676,0.09183659095036845
11638,85.2195094860364,920.4394577018828,Road,East,293.8328108398371,12.173810170662586,10.615680576223292,9.63867149695454,-0.9770090792687522
4508,38.00141938635473,201.71528414577543,Road,East,24.213002698236437,10.412919022156412,8.329051167741106,7.160089711626201,-1.1689614561149053
9396,163.50201988258735,260.95548695476083,Rail,North,50.45504181613919,9.557391492461594,8.267325578494427,7.37657828608874,-0.8907472924056874
5979,46.30016303854798,553.7217330041378,Air,East,244.06288249505047,4.709084032049105,4.768653296466459,5.28700381521222,0.5183505187457609
2325,122.78405030723115,551.6523545460528,Air,Central,221.6849950346582,4.937679282068862,5.77953275425777,5.070592789208264,-0.7089399650495061
2388,138.26488147232482,321.92535651090645,Road,West,38.52945340182116,4.672382264540703,5.165343810620794,5.136710101548564,-0.028633709072229507
8281,147.3787563656547,343.2095847627476,Sea,Central,54.57466249650393,6.063951363017044,7.525542313768671,7.597370217343054,0.07182790357438318
3651,37.25208364678311,711.6278406903416,Road,South,172.5299218648275,4.456796945710455,5.8503743358602005,6.009080194709064,0.15870585884886346
2452,63.79251443239679,1068.7459620512557,Road,East,311.4743767589666,8.777910085730186,8.969346781591987,8.82721924912245,-0.14212753246953724
9139,50.2585324206019,386.9220361937527,Road,West,64.55072751849919,5.924986614797216,5.801628913036352,5.759163699934021,-0.04246521310233131
7682,257.9817411988503,129.65701033476995,Rail,West,27.551054828385904,9.19471411511924,7.732437967711111,6.80259099691606,-0.929846970795051
5577,202.0486540969468,194.59775236332248,Road,Central,37.53591603326903,0.8328980403385629,3.287066057792927,3.4735408013555933,0.18647474356266613
9280,48.22793047442244,223.530956018194,Road,South,81.21045930583325,3.701788852694592,4.326516284594279,4.4876277456266465,0.16111146103236784
7528,189.2724708574006,364.1978046494157,Sea,West,137.8746457999737,11.036720380142036,10.47132824125014,9.384861842290354,-1.0864663989597858
2846,113.13397621701198,632.8257097680467,Road,West,195.36869553709764,4.827861162615402,6.630759278607805,6.008097154543624,-0.6226621240641803
3387,75.39466499511076,1118.238946986378,Road,East,339.3754379176804,10.557347962433935,7.590963155110431,9.581156421789599,1.9901932666791682
10117,80.90762460233924,249.24599626608887,Road,West,53.58279457621458,6.01213146825611,5.594274020144801,5.433614376874656,-0.1606596432701446
6561,135.04632210264134,313.7803269507928,Rail,South,20.0,6.125877209814951,5.365183029709591,6.131752725702726,0.7665696959931347
5566,70.70597985345245,312.95497024871736,Rail,West,41.30088014176495,9.996928936657705,6.448690637427841,7.580344133596336,1.1316534961684948
5337,35.01264466236417,315.01887280485886,Road,East,130.0515123399002,6.776626136923321,5.507231512211518,6.18493676357607,0.6777052513645527
248,75.14099170104356,1043.936729672773,Road,Central,267.35515556154604,10.544759602025533,9.783160634766537,9.100426562023125,-0.6827340727434112
4127,105.37119910923532,274.7306777451837,Road,Central,60.9995250699521,2.4159724211949527,3.685893487085945,4.251618278383952,0.565724791298007
1795,25.48304747132439,347.95569764057683,Air,North,121.4822444968199,6.116056168619378,5.187319497675976,5.041939384932712,-0.1453801127432648
1479,101.10630574274008,416.5198459119917,Air,East,126.65235945886675,5.507038652207792,4.3922298287475625,5.193922919200983,0.8016930904534201
10135,92.86686310531064,895.9304911152185,Road,North,210.99574460557196,11.768993655921756,8.10556016070648,9.21887738286675,1.113317222160271
11868,52.24326387003734,310.30329365806824,Road,West,82.3961841828108,7.303343622718922,6.532643382258447,6.051306636882824,-0.4813367453756232
4010,131.2494251203727,526.094359488282,Road,North,83.81135234590938,7.241666265489517,7.576176802027688,6.662382451066195,-0.913794350961493
10165,192.74633495940816,651.0263263415629,Sea,North,31.08013120039754,8.92330122187779,9.6403277041357,9.45071156630626,-0.18961613782943942
562,150.78143099317575,411.81618846392286,Rail,North,44.824822143067024,6.297736453756094,5.927338421216749,6.614941463571206,0.687603042354457
7488,114.60779732182388,330.2780298139627,Road,East,34.82537384445454,5.152938351608814,3.883064676762817,5.62745629762926,1.7443916208664434
11911,125.6249010737496,350.8142129890892,Air,West,141.17314982018422,6.002360691091788,4.197061812488948,4.90193394807942,0.7048721355904721
3244,88.73680997909324,210.9959371759053,Road,West,74.34339766555364,3.861974697934104,4.236088983457496,4.581973542322665,0.3458845588651682
8579,80.87715332650279,430.3113149019227,Rail,North,20.0,8.37098280017956,7.52346240648542,7.39783533648124,-0.12562707000417994
9322,63.90462517650321,254.3436445769024,Road,West,43.800730158935664,8.436594401222422,4.592898877627758,6.3003246668190656,1.7074257891913076
8447,69.68081322178404,346.1137676952644,Road,Central,94.13667105635312,5.828371635907291,6.435609323090212,5.643204104197516,-0.7924052188926956
10056,178.30154106173438,692.3595084355151,Road,East,164.9841541294473,7.800575892648537,6.3996161694258165,7.488602157205063,1.088985987779247
8911,123.54703809821194,196.5018269387197,Sea,West,47.66797359667283,4.729303387776903,8.080529240480233,6.736977359293891,-1.3435518811863423
7768,44.44385901655817,126.65448408359394,Air,North,21.685058294763063,5.156974427005768,4.541801304447908,4.124837941813502,-0.41696336263440603
4149,43.65462592212316,264.54742896363905,Air,West,155.2053511998918,2.859375053526131,4.310511286427058,3.5912529511932085,-0.7192583352338495
1002,136.12562962455942,194.40846711629837,Sea,Central,77.36197372859702,9.95493772272264,7.442210367171098,8.592240332876639,1.1500299657055404
6346,120.5905484993599,646.2973447399862,Air,South,265.2665454920397,4.255579022972119,5.163857288895878,4.980681763992073,-0.18317552490380518
6105,139.86617642788656,1099.221139637854,Rail,North,199.73075637647483,9.643292171584912,9.102787515175285,9.563367501495732,0.4605799863204467
10831,36.21467232963978,414.5154012921455,Road,North,144.87476675168108,5.295423548208729,5.060618918990456,5.7168240688005785,0.6562051498101225
9147,52.56686714158505,78.34942451706404,Air,South,41.19733574169904,3.86980239540562,2.8404569940027407,3.3786984495954187,0.538241455592678
5800,237.2394664692768,2019.9234590462704,Sea,South,202.8923502598212,23.64217189981149,18.41241125591013,17.954139831126604,-0.45827142478352556
862,51.59214803640933,332.71139811744314,Road,East,87.80316537990913,7.80339740382058,6.908634377451027,6.582573202436958,-0.32606117501406917
5613,102.8878168085349,289.07940230164826,Road,South,61.88787717795712,4.641316680400623,4.611713379467073,4.973959096002756,0.36224571653568294
7754,149.39040927820497,244.50672190978048,Sea,South,72.23445509507431,8.92170204392213,7.424080096488907,8.2563398858547,0.8322597893657937
3079,96.3973405857444,316.2735277423282,Road,Central,68.3486290175557,6.003788026919995,4.511560302910054,5.621406912947949,1.109846610037895
3851,149.4303787018564,141.5470341585405,Rail,North,20.0,5.969544486296683,5.36322341462363,5.808847965089639,0.44562455046600924
2627,59.28903975379042,480.80037873365137,Road,West,40.45349642572792,6.980209954363577,5.754589193041387,6.364253804522576,0.6096646114811897
592,72.64917304515173,395.3701088773514,Road,North,137.75792510779615,10.08277941651931,7.5652806811867555,7.345398677225739,-0.21988200396101654
8400,128.88631916647898,487.0921439350968,Rail,East,115.43439556669968,8.90121598186565,7.058686604910264,7.937426622490023,0.8787400175797595
3282,121.76733829325212,581.3103108391297,Sea,Central,67.50224130981566,10.02190143510229,11.7934202396569,9.600444267552763,-2.1929759721041364
1864,167.36790109276433,704.2337278704359,Rail,Central,102.05138549894704,8.39537763140625,9.589400299321149,8.027079269553152,-1.5623210297679968
5391,87.41386897753269,814.0271228099788,Air,East,407.07711043888185,6.759256080935247,6.991753722639466,6.687198724260725,-0.304554998378741
3469,49.77632372725518,262.3935280295534,Air,North,69.82530967407621,3.336001860243334,2.733584712953415,3.8357143136228715,1.1021296006694565
5711,161.17182775697768,281.38097467337644,Rail,Central,20.0,6.9394081953287134,6.310828561444415,6.428879911755293,0.11805135031087755
180,134.2602267936305,449.565927656561,Road,South,170.4141016383764,8.999296344363618,5.966022132099874,6.925582779912577,0.9595606478127028
7712,167.6021473835192,297.30132655009675,Road,South,44.908508890415575,9.279969846098378,9.480747280967062,6.614276207722455,-2.8664710732446075
8998,45.752547129308994,991.2601540964204,Road,North,279.2111354002964,8.99786459875171,7.428333323396502,8.503398990937873,1.075065667541371
6333,266.75934241382777,734.5425344978177,Road,East,158.88362891268065,5.492361793106407,8.545620474835903,6.770255117457872,-1.775365357378032
6330,117.63818340794845,325.7781812120669,Air,North,134.83111089609673,8.314707348306289,5.144532938350008,5.747129416760003,0.6025964784099944
2755,133.19588879871455,343.33284493163035,Air,South,115.69815009181931,2.4976565682743965,4.689806908181543,3.5688011664399237,-1.1210057417416195
33,87.26068465064077,345.21376464399265,Road,Central,120.06946360009992,5.964650314213206,6.3228018625086495,5.689954698760614,-0.6328471637480355
7563,68.3846318249868,536.417226504797,Road,West,107.86467633575488,7.420764464519935,5.595029396257142,6.668900931400109,1.0738715351429668
3307,104.19639230179556,1210.7489607499992,Sea,North,143.90806413684285,11.739992078326566,13.474484128807076,11.893839582207647,-1.5806445465994283
8953,109.24023580618814,1500.287890893317,Rail,East,243.14697226555649,15.137272927380325,14.302072121404374,12.728334996789876,-1.5737371246144978
1766,34.378100124523804,535.7524456133978,Road,West,139.00154572293968,6.446841469136508,5.12704173890504,6.334131428949517,1.2070896900444774
5513,96.15646909118948,148.29594277722697,Road,West,20.0,5.011377738890267,5.342432695313764,4.817909467603236,-0.5245232277105281
4024,175.02864050455776,266.00429369556343,Air,West,91.0497887210096,2.400651159965607,3.664954528591392,3.4051892245790105,-0.2597653040123813
6827,121.83934144713648,94.58877644752216,Air,North,62.39754702444134,2.827849952968881,4.300352798244198,3.2186074576910366,-1.0817453405531614
7448,91.96454591347708,686.6816397662276,Road,West,106.06321755658792,7.108253964418724,7.047805154709589,6.937420244300819,-0.11038491040876952
6911,28.125269292193288,146.48106044362194,Road,Central,23.11393859744045,5.105428971141283,4.691378387605913,4.877246313515988,0.18586792591007484
1904,70.08951653498619,458.7614388517358,Road,West,78.98539247255572,11.28039881165914,8.001968124974024,7.82441214320626,-0.17755598176776388
7116,51.30141958158661,1044.0048799447266,Road,Central,283.4305187048274,8.376930133912005,9.529337624401128,8.344004604722674,-1.1853330196784544
9367,84.63957413497069,544.1466558162485,Air,Central,309.7668511937726,5.722723762234012,5.828173728358892,5.345747037344795,-0.48242669101409685
6883,49.32371156095756,1098.3774526407417,Road,East,286.24364759455165,16.20066812017136,16.27164053609299,11.511563785458453,-4.760076750634536
6961,61.47170872577622,507.1167115761618,Road,South,127.74573163832866,11.111549876383195,5.998095795679233,7.8194002812553745,1.8213044855761416
9443,115.9430588745395,421.4174239696805,Road,South,113.03417223946836,8.919563062678385,6.060658941782016,6.8204706787731855,0.7598117369911694
2929,75.08894551757757,483.2573492629114,Road,South,158.983192500809,10.84721531105068,8.335815059703902,7.6682110613658825,-0.66760399833802
9669,107.83734528918302,496.3021206646121,Road,West,154.316686246816,5.5269937871946775,7.111691218618027,5.901698481201472,-1.209992737416555
2174,225.25526692519728,234.9902916615873,Sea,South,37.86275624309364,8.26761936434946,8.33942477224018,7.986064595784023,-0.3533601764561576
7826,23.71220259614145,447.6385465658725,Road,Central,53.73733553658264,6.688868986175705,4.105541239626248,6.205015849029386,2.0994746094031376
3997,89.7855300250695,1063.4607061724582,Rail,South,234.0345056669384,12.95271932094969,9.85463616522897,10.476335031136763,0.6216988659077938
5076,90.93923720111984,249.9119990116149,Road,West,57.45394873286391,0.7603141223465331,3.3693963499325434,3.5874117536930243,0.2180154037604809
900,72.55994831728599,161.82345547260118,Air,North,87.74919941691192,6.707147923151646,5.838430775816272,4.764730608607012,-1.0737001672092603
8305,110.30263848366708,623.9684721715994,Rail,North,136.19204182055051,3.948844117337696,6.683414585751516,6.34737815418749,-0.3360364315640254
6874,100.67471916439968,565.8116437753313,Air,Central,227.77671742669745,7.536034293096067,5.54139607191069,6.024515262186969,0.4831191902762795
10640,84.16272316422128,1097.789280778415,Road,East,229.9754237208022,7.848093501842753,8.909738626988384,8.559473964635044,-0.3502646623533394
9188,92.16872948091375,225.1741904439401,Road,Central,39.42907349610467,6.738985154735735,4.431847333579178,5.644784136849349,1.2129368032701713
9453,77.60838237253648,265.7311498234947,Air,North,114.26812749081397,3.3316957299878687,4.389567812555308,3.8449319619448517,-0.5446358506104563
3470,83.70401362396888,411.8295147786031,Road,North,155.68887650476597,8.955732041373462,7.056801638562683,6.991825130879698,-0.06497650768298513
4879,35.308974157685846,1196.6465532009283,Road,Central,280.8068040046624,12.763061034416207,10.833132509793504,10.276698077656143,-0.5564344321373618
1006,221.70693351162856,456.81852516505137,Sea,West,75.19937010919514,8.80816969366406,10.062682519875398,8.822970773625862,-1.2397117462495366
7054,64.93702099070724,241.894179929106,Road,East,59.64509196225487,8.34875131648587,5.459095606991403,6.537429920917293,1.0783343139258896
5805,40.480698037939206,1190.4705870863552,Road,North,258.49342588111097,8.712081394617773,9.672962144490189,8.907338247926806,-0.7656238965633833
4498,47.63923739273744,225.29341990611263,Road,South,191.30667868892803,5.189685482818834,5.174448457301237,5.031152726879126,-0.14329573042211052
3883,101.61157246666006,518.9106894368236,Road,South,76.85116861605952,8.099900000826828,6.847437996552657,6.7770987761575,-0.07033922039515694
92,65.00503750920498,657.8682216582548,Road,West,93.8906833809896,8.880462018422275,8.06314123360668,7.489624904581442,-0.5735163290252387
5523,86.50991532415914,1674.4312405539092,Air,East,732.8651575227423,13.637991709861415,10.405410418561663,11.341025999069313,0.9356155805076494
10993,34.803674666168256,430.82105099757314,Road,East,55.71959822893587,7.758420882698503,5.604425507460496,6.814157988273379,1.2097324808128835
2157,165.6387677036485,884.8895101190877,Rail,South,125.81703961519447,5.871439240455203,6.679311788000684,7.505271725178532,0.8259599371778483
6232,174.2419110662926,399.4834284914966,Rail,East,104.09939986548588,6.191147366788608,6.5637771299058,6.75326100098275,0.1894838710769502
8249,47.21090126553717,552.2398695124905,Road,West,73.61220238391883,8.14057382148368,6.392463253732108,6.960514806625294,0.568051552893186
9434,49.09018718605446,489.5384140227631,Road,South,160.34058991877805,5.597655024132973,4.9470517863923975,5.8420174967395475,0.89496571034715
6075,81.69477176402077,121.58493788429654,Air,North,37.07830266731842,5.994062286012724,4.019086831811184,4.403055421623415,0.3839685898122305
1418,84.43183861037076,559.9719803907718,Air,East,258.29104957338143,8.487855815212567,4.8699726764349744,6.628253633268892,1.758280956833918
3233,123.09973634183147,790.1271613183287,Road,North,180.7410105873868,7.144639283847837,5.372435114761438,7.3147444145453315,1.9423092997838936
10672,70.49006809171603,157.4649505143078,Road,North,20.0,6.325906971450081,5.196071184250831,5.402679407598615,0.20660822334778395
3006,97.94549750539343,338.6632638765295,Road,Central,100.32386721236858,6.8423498356125405,5.823890734046705,5.977584155146868,0.15369342110016326
7213,87.49130461520133,559.425474471053,Road,East,139.41049881672006,7.089759855207025,4.241969383955181,6.91024670239131,2.6682773184361297
1655,161.99594102829423,463.5498520068846,Sea,Central,20.0,7.29859142728812,9.306891201525003,8.330540947193128,-0.9763502543318747
7932,106.60943644003476,295.57346785885204,Road,East,66.2481255699089,8.00225933929448,7.294948039682167,6.546907558903426,-0.7480404807787409
9612,55.23467610587699,444.0533876798439,Road,Central,133.6407868909941,7.229103201138602,6.022934861847611,6.392644225896524,0.3697093640489131
10536,64.43857506719975,463.6852968133206,Road,South,141.03164369035005,7.413530830912886,6.741123288666007,6.409875080222515,-0.33124820844349134
6964,129.69584595893673,104.71006532176766,Road,South,49.920330319299936,5.67435887918252,4.478081561180548,4.862739483216341,0.3846579220357933
2928,85.33213187884067,1235.3760187701469,Road,West,284.25501444109346,10.19176330201093,9.26618374037406,9.443616232377735,0.17743249200367472
1501,95.79338032318203,524.1300782303783,Rail,East,72.6954487821062,10.210804542056422,8.80346592353762,8.49095125666376,-0.3125146668738612
7303,47.78640572157061,611.4090702252158,Road,Central,180.85658047083447,9.441903650169492,6.444636970623621,7.60428130059232,1.1596443299686996
7840,138.40915486186705,293.5795913781203,Sea,East,49.0493632619858,12.28252677072049,10.841129657284776,9.935766127365756,-0.9053635299190201
7720,110.19883693899864,285.7487943190976,Road,East,97.01870698137684,5.375678031392769,4.568510284731109,5.602055709582754,1.0335454248516456
9647,94.09640080953434,661.162195739203,Road,East,159.25612126726767,5.837269507485772,6.675352103744622,6.730356608801607,0.055004505056984954
1427,49.361586928787936,530.8804721410861,Air,Central,189.65217534565733,6.149309587393555,4.595293869504561,5.450098931495104,0.8548050619905432
6596,67.79519992596107,607.0869566334807,Road,North,121.52698790847433,7.144436194226035,6.155297207802808,6.848861682869978,0.6935644750671699
7740,163.04215291284154,220.5884876968705,Road,West,24.16382144604001,6.010171123137549,5.8524304050884135,5.343785324121284,-0.5086450809671295
8510,170.8687384869142,408.7971887667494,Road,North,58.80494581411858,6.576577470827892,6.2761477567902455,6.120793609112642,-0.15535414767760347
7584,87.10074072336954,662.6940874507874,Road,East,131.444534416924,9.35597981815272,8.95235629491097,7.96878724920573,-0.9835690457052406
2777,34.349687611585146,270.62703602979445,Road,North,42.70254598681906,5.38755424080431,4.35939449285534,5.369009781438294,1.0096152885829541
10841,60.40015094311725,307.00472056526525,Air,East,133.3655353046538,8.388278041549318,6.754931288820848,5.935629175529523,-0.8193021132913252
9308,124.5934187958106,355.3127468061341,Sea,North,20.0,11.51277449835719,10.003859192681505,9.617775014318987,-0.38608417836251796
10068,176.5655118519781,926.7047261421518,Sea,East,151.35670375170855,13.138136271294616,14.384580462791366,11.855774259264045,-2.5288062035273207
7510,88.68300110906176,336.88119328767414,Road,Central,42.74747628968037,9.014578313398534,5.855043917066478,6.730143910246898,0.8750999931804202
408,157.39855792002407,162.4809208876737,Sea,Central,20.0,13.19288197463139,8.86339032183693,9.63847391264919,0.77508359081226
1470,140.21034371007067,385.1384941070032,Road,East,104.47642949330684,8.245378054414067,7.391030002304406,6.860696398717136,-0.5303336035872706
7347,178.40478138113562,180.9191697070497,Rail,East,79.11224584800736,7.1727746027802,5.7945581530809545,6.538468544794371,0.7439103917134169
10031,74.57934077964735,1381.1040066117748,Rail,Central,230.04001270813777,15.47288465113752,11.16345222967309,12.269370459508611,1.1059182298355203
10809,43.18837324815679,174.3537192714236,Air,East,20.0,7.993382746007006,5.831535599467601,5.445774204553809,-0.3857613949137919
1740,68.1742535680823,1206.542454382261,Road,Central,211.62767682312517,8.587447501898948,8.41135221572852,8.81868666119269,0.4073344454641692
5121,56.80571506991153,389.0255325893757,Road,Central,63.965534714896336,6.9905086514245625,5.824057120725524,6.158631094294918,0.33457397356939467
4083,211.40744013375303,337.06140111145487,Sea,West,59.02411587584282,8.40014953712954,7.143027103271952,8.374124988739513,1.2310978854675616
6734,39.274501287777866,499.21187647918606,Road,North,137.87937250583855,7.608390569797636,7.275510658482158,6.744204398386531,-0.5313062600956275
7553,68.1297070800158,42.10621634612984,Road,East,20.0,5.956055152248918,9.137108768725597,5.181750489052775,-3.9553582796728213
8248,48.21638477068336,458.2304752095472,Air,Central,188.7545558886169,7.535079141351915,6.551097647323495,5.752730838517841,-0.7983668088056541
6620,146.22864103420176,505.14967054252577,Rail,North,98.0975315709861,6.070507356590713,5.7662761827830415,6.780650097595039,1.0143739148119977
3035,156.619178750769,179.4118154215855,Air,South,103.94366646055988,4.188097986028109,3.8315282164400872,3.741308351492944,-0.09021986494714307
10815,131.52638589634165,691.4424986876205,Rail,East,125.47680129482264,12.73520531371873,9.065869935959704,9.806511730890925,0.7406417949312214
3973,147.09791429232413,681.5154227004663,Road,West,169.85260128882013,9.42029830030926,6.626690362701726,7.7383778902033,1.1116875275015738
1602,68.5494955971117,341.1374150703254,Road,South,95.59326749007492,5.734715275443135,4.691850111728538,5.500727901500219,0.8088777897716808
10116,118.49778520204998,285.9188006379052,Air,North,76.51372446542675,1.0028133621521187,4.610910494627218,3.0658567888332495,-1.5450537057939684
3692,42.90928244735646,441.5710031772449,Road,West,72.81044324992338,7.982563325032607,6.133317662254209,6.624015433452739,0.49069777119852986
7496,95.72144276122266,490.8776286079906,Air,North,223.55816110678603,8.921543041484155,4.639600797268793,6.396279243940066,1.7566784466712733
2464,244.05330976839065,866.4825855010624,Sea,West,88.55117959288062,11.014700341556654,9.906324241482332,10.639426456864594,0.733102215382262
11436,133.20121917049613,238.4818038811371,Road,East,21.35693208628041,4.483800161825185,4.916847128901357,5.154029328078798,0.23718219917744143
2417,182.28895657158688,960.575717593762,Rail,North,126.25841452684196,11.49452938222929,10.271453341608948,9.845117389970769,-0.4263359516381797
4215,250.02840112321857,461.2135038208131,Rail,Central,102.90748902257462,6.376157471690572,5.385909277037559,6.686894836968364,1.3009855599308047
3413,77.84821186720986,342.1700463884968,Road,South,110.66105027891108,1.684917894015804,4.041819230619344,4.079890671396888,0.038071440777543764
9384,83.6879971221057,681.0707793150739,Road,East,183.1836642974219,8.37666162083904,6.675533218005366,7.678986644530833,1.0034534265254669
11060,113.0937919446253,88.47663301971825,Road,West,53.18660874252281,6.502397922785763,5.109952631110385,5.192386858365828,0.08243422725544303
8548,163.44241637903346,125.90961975464784,Sea,South,76.08368479961672,11.094433920166496,8.833495803499945,8.717326232087707,-0.11616957141223772
8337,77.65129585120805,230.7709508722482,Road,East,27.73871094277448,4.532973999511052,4.844742797501213,5.160783807686651,0.3160410101854385
6571,59.603502697403,104.17996298616384,Road,North,20.0,4.79984424280179,4.927246221152712,4.73207702399159,-0.19516919716112202
3379,66.04309613976145,310.78766076087624,Road,West,41.81459131065732,0.5092132574867678,3.336599459173825,3.655348959278764,0.3187495001049392
5771,124.8775045193182,531.8853281586723,Air,West,194.2903721522424,7.660746679601486,5.055970101143871,5.953329817712999,0.8973597165691274
9906,101.52470632494204,449.66060211792194,Road,Central,124.80238727739956,9.556776239614116,7.196319092057693,7.217446585498316,0.02112749344062337
3954,60.84435842445835,53.66093038420705,Road,South,83.18289974111413,2.087728739938423,3.675467714572573,3.4864129778487913,-0.1890547367237816
2751,77.6785294578355,371.2758257245476,Road,West,103.45424336336572,5.248154742314249,4.830034745960564,5.482858033841348,0.6528232878807838
1432,97.27807334050866,609.4338020409566,Road,East,144.56893645516053,9.618465518235071,7.862840929263456,7.926025037058698,0.06318410779524264
3105,62.44871902561164,773.7663772758616,Air,East,262.11173256524563,8.591871737275186,6.861932501041158,7.212319657911322,0.35038715687016353
7467,141.34599349481874,239.24636456943017,Road,West,80.00992466970197,8.082380956052592,9.232636416800904,6.1311413529716186,-3.1014950638292857
10782,91.26241978540628,491.3456777662127,Road,Central,30.180108367859205,6.391337630094194,5.78444457352615,6.198251675502294,0.41380710197614423
1068,209.96742456590923,513.9660079786379,Sea,South,28.929400882857514,7.316746307938265,8.501697209828336,8.362109023188658,-0.13958818663967776
4317,127.78174460657492,224.86945387124544,Rail,North,29.56544642271281,3.117880208532532,5.470872798676408,5.02241157737533,-0.4484612213010779
3955,74.82641286158709,194.6526466642609,Air,Central,20.0,3.997117692947115,1.6432520331152842,3.810215690239862,2.166963657124578
1844,56.682863350299655,278.3696906404192,Road,Central,60.26795596362614,2.19979432965844,4.554044729229176,4.191895704265551,-0.36214902496362456
11595,184.03894977880503,274.281392309508,Rail,West,123.48965399011912,5.720762150098542,5.678595782057196,5.973197826092067,0.2946020440348702
5025,97.52878269393086,275.2209681684071,Road,East,82.15654913390674,4.465055154838229,5.780502347406245,5.254775046969095,-0.5257273004371505
9000,99.16681952679468,181.13329282627976,Air,Central,80.87368931139578,9.34410663561568,5.26649290541404,5.661376661015476,0.39488375560143574
5503,57.2217881609171,322.7313855225599,Road,East,20.0,7.938362233585718,4.655666439507034,6.594168408143096,1.9385019686360616
7252,110.761484175797,247.66146610369773,Road,South,83.43546833334715,6.206277819857633,4.796202552259551,5.420910790627797,0.6247082383682461
330,86.58004117014214,199.48264772302684,Rail,South,20.0,3.12292859440918,5.38019569820638,4.792111634444188,-0.5880840637621922
3082,24.139996474576147,1069.939207921437,Road,North,341.48094315330354,6.815613321890284,9.030871482542928,7.9480798931692895,-1.0827915893736382
5508,67.32291491139242,532.2004881677932,Road,South,92.00712449230996,6.57076120759288,6.062666203120785,6.280322176694854,0.21765597357406907
2675,42.64925972442485,348.5401911467796,Road,South,98.85786647245672,5.47721227888745,4.900088172363501,5.433265320509909,0.5331771481464083
2910,102.45399108329087,474.79589623413256,Road,South,170.23264482487133,7.602299225034633,4.626222465818481,6.503093514316822,1.8768710484983409
8495,167.28120407452388,226.6405318232272,Sea,Central,35.83577206972271,7.050220162903077,8.83700756127173,7.642177152127329,-1.1948304091444006
3116,190.886442320921,514.5071165916598,Rail,West,87.3980097480681,7.630379889056044,6.891787683870702,7.249558689500518,0.35777100562981623
7023,208.67791114758404,434.3349621534374,Sea,West,24.94084994921399,10.66956839336864,8.371132611389356,9.415166180652479,1.0440335692631226
6832,135.26668309614533,459.08839172518896,Road,East,93.36906033970564,7.733435527859124,6.75879964464573,6.867864204821293,0.10906456017556287
11677,114.46792420357848,976.1480308278024,Road,West,200.7944010631217,11.77750172042326,10.375780915864636,9.325863990184226,-1.0499169256804102
10037,136.96946581160103,1074.0043246321495,Road,South,245.63520035105995,10.708104368602376,9.07624311508173,9.124902648997654,0.0486595339159237
6271,67.11790691888386,671.0319371445131,Road,Central,169.0868819396857,5.159190256303895,7.017848997818624,6.24523695358559,-0.7726120442330338
9924,194.49551356791187,368.2844448391765,Rail,East,20.0,10.741397659652222,8.028763398716979,8.259202690236854,0.2304392915198754
1669,107.49910915888545,163.76012644499264,Air,Central,70.95229867390636,2.0287330054079944,1.0,3.0418645881391746,2.0418645881391746
10467,221.452153691711,367.5578234920046,Sea,South,20.0,5.637688234636099,8.119653266572131,7.39631534184607,-0.723337924726061
8138,46.14573923747312,854.5641145893477,Air,East,304.24121730693577,8.316955966274783,6.586469498506906,7.329515862545161,0.7430463640382552
10127,160.35394467677952,1024.5326544840289,Sea,Central,117.04055379833588,12.014998588778736,9.164749313007738,11.42995331473072,2.2652040017229833
41,39.32848137309641,338.0694038275467,Road,East,166.84251741533402,12.419663290528176,9.848082680792716,8.232725769539986,-1.6153569112527304
3204,80.78250164539708,646.473527137575,Road,West,165.36123838181638,9.858029660808835,5.403100711320749,7.8123067020333,2.409205990712551
10986,28.96544989808191,320.62711424045835,Road,North,100.50365732505976,9.234033094173856,5.712535459918201,6.857935793117468,1.1454003331992668
5070,234.78057279602757,298.97133497757187,Road,East,117.39926384223917,5.791267544256613,6.093897910538036,5.766439080339292,-0.32745883019874444
318,50.09270721122223,518.1313108538424,Road,North,164.45893371946204,8.970913994705887,7.196927696861298,7.273693641656547,0.07676594479524912
2252,43.28414135927392,337.6450595644753,Road,West,30.342485636790144,8.676500507798522,5.509053075569332,6.597655294437767,1.0886022188684352
7284,90.70560159720844,307.25329544102595,Rail,North,92.71415615298288,6.259590364273887,6.6310120833544826,6.351257454787311,-0.27975462856717126
6861,121.84188730402909,333.6838783707169,Road,Central,127.32870578711083,2.535118295700376,4.435156545306931,4.450478615759833,0.01532207045290157
11828,120.12066275968384,607.6807228768167,Air,North,238.287002665602,7.799081284537305,6.071091889611305,6.297090594233187,0.22599870462188232
10071,37.54778309739714,515.2163297061637,Air,Central,248.01352541673893,8.509277533025852,5.880120105033919,6.250275024890272,0.3701549198563532
2474,123.05229653971652,166.90815180553244,Road,East,82.62670414069223,7.192915483198925,5.886426474489423,5.9349781423302606,0.04855166784083753
6145,46.322686899806925,243.5718881116923,Road,North,20.0,6.874189227435556,5.900183038925067,5.8180343926129305,-0.08214864631213636
6107,86.26163942334541,217.7823517508228,Road,North,121.06089285128562,4.985233511894375,4.975091115734163,5.096667593727961,0.12157647799379845
7309,92.0125217116959,356.41093613435123,Rail,North,60.70891435635084,5.630651855502722,6.781564901642758,6.2503331071872505,-0.5312317944555076
8358,142.9882986004179,268.51892342032227,Road,North,24.821621779906124,8.672152409068781,7.424573480277793,6.50027633283886,-0.9242971474389332
6536,79.89178757377678,243.2018789631192,Road,West,69.4826672229282,8.364048529993394,4.224090591839993,6.247787159956901,2.0236965681169075
85,191.81341665361336,310.6309082372728,Road,South,20.570582975369724,5.261568420189077,4.385906753036439,5.22794719790619,0.8420404448697507
6440,95.31714271019128,466.0864507067765,Road,South,151.557726279204,7.425379291044835,6.898553060195934,6.417111772593822,-0.48144128760211213
1210,149.64036373740814,325.36497798305084,Rail,East,40.46462229927823,9.910517393161472,8.2416581158602,7.867351950420147,-0.37430616544005346
1035,105.73855889825012,753.0797029086717,Rail,West,194.22990766300592,9.484189325231515,9.193418444923422,8.535970804810615,-0.6574476401128067
5821,136.0279820607182,147.84529482326474,Road,East,59.25018134956806,4.5227121214430674,4.080312299126477,4.942196178400543,0.8618838792740666
5024,32.074543856582586,343.5268654078302,Air,Central,138.64950057478083,4.067056348524032,2.0662587068857845,4.2366098185084695,2.170351111622685
2807,98.77616628527956,306.27129555211525,Air,North,74.3955265735651,5.939713253887701,4.905975411649257,4.856434973331185,-0.04954043831807198
11081,81.08191245940317,313.69548100488305,Air,South,183.7899082726892,4.786622345579115,6.039013202102467,4.315778449025986,-1.7232347530764809
3412,102.4425919883036,651.0420653967957,Air,North,275.46101289475,7.606138233668567,5.819559445190201,6.347404711668698,0.5278452664784972
7711,126.68595631153455,681.0007127989323,Road,South,136.06938867392174,9.28292217033182,6.795601569544041,7.610121241178224,0.8145196716341836
10018,216.394283393015,531.593059984254,Sea,North,75.26050416857892,11.656952298881382,11.102366802525117,10.111174387669147,-0.9911924148559699
3958,38.64745468307985,333.0603446570394,Road,North,78.73901620500251,9.454581552450318,7.628941855101809,6.962594579022582,-0.6663472760792271
8573,152.14915439593744,217.44493138319768,Rail,South,20.0,9.759096726701298,8.536533626051472,7.1619856742951296,-1.3745479517563428
3065,131.54798799472275,984.8134615149436,Rail,South,131.58615532262692,6.341418221974827,7.569460153752289,7.930507556032216,0.3610474022799268
11536,104.49018836348964,443.30477076006514,Road,Central,134.58423190953692,9.709799411477324,7.98053821444864,7.2560565911267805,-0.7244816233218598
5344,39.7148476041512,1146.0572749095857,Road,Central,275.0680984862464,10.803502156709817,9.150367113396763,9.45743361178028,0.3070664983835165
11805,119.37767771329644,382.72063852733646,Rail,North,30.264574174254538,9.049171021702026,7.794882148367816,7.511118504472527,-0.2837636438952895
10036,125.12248768390717,261.39206109245634,Road,Central,90.6013784060306,8.247644329100327,6.181986092892704,6.2699116276276925,0.0879255347349881
9052,128.18476792412048,565.4598475460069,Road,North,143.7848480153672,6.544733801914317,7.105930878342994,6.526391970723822,-0.5795389076191722
4622,168.12261543996726,742.0224022574313,Road,North,203.1556804917093,7.827387647844078,7.317958814149423,7.4290970273585275,0.11113821320910411
4055,117.70777428553616,222.7284117290748,Air,North,45.938333040125165,4.162082229526535,3.564974158882692,4.011973997327941,0.44699983844524915
1166,93.73374491256936,633.8559390958467,Road,Central,180.5760947525966,7.786084457252882,5.87899170184438,7.072253307764664,1.1932616059202843
11430,157.59913685581927,112.59469979358356,Sea,North,38.14676684660024,11.05438078840792,8.222417496044821,8.837034108194699,0.6146166121498773
958,188.3558498264741,647.947247296073,Road,North,126.80863458052612,11.180991937411596,7.279968496080215,8.355402976790153,1.0754344807099372
10359,61.74854148877697,298.0112534788583,Road,West,20.0,7.588620892432261,4.969731235443696,6.110085399722849,1.1403541642791533
2864,124.33108643593576,456.3127412066694,Rail,East,61.27073482191123,8.026276829162871,8.388215338436483,7.544399893715564,-0.843815444720919
465,134.80774904026455,124.17854369797054,Road,South,20.0,7.790182829251617,4.437992425161344,5.651335136059757,1.213342710898413
9455,46.89193451018935,660.3528010496912,Road,South,160.23739442947073,8.350063310941913,8.816853086071184,7.244707198432507,-1.5721458876386771
5382,65.34307442584533,349.5365643484089,Road,South,52.57850456081809,8.285538393931759,9.073637340017829,6.413510528743456,-2.660126811274373
7645,222.92606822171453,92.760320183998,Sea,West,20.0,9.702534600854028,7.081008659735021,8.203604018412506,1.1225953586774846
8432,62.81226044069155,621.266392439418,Road,North,167.309372387351,7.955332320071775,9.785662371339836,7.177356391972409,-2.608305979367427
868,125.2797419383698,407.93830423035,Rail,Central,62.48461268710116,7.557328606395936,5.1350210813666575,6.979373429625593,1.8443523482589352
6818,65.14521267518107,1115.6262684021845,Road,Central,256.905963190821,9.145705252196588,8.128180585637859,8.790699951626504,0.6625193659886452
11942,113.22230631029738,155.8429647114303,Road,South,55.10019628982772,5.538607781437196,5.967058543287767,4.9481951832346045,-1.018863360053163
10974,148.98446964738588,1567.8158867207658,Rail,West,237.21544053646957,11.3676961055189,10.872002470071772,11.270135925328663,0.39813345525689137
3107,34.19490406058367,407.44356007567103,Road,North,125.76329310952232,5.773992453670794,4.447363853793638,5.864717187553547,1.417353333759909
4691,79.60812291791393,258.54161983524574,Road,South,105.4251560252592,7.8595488254237935,5.762491520959296,6.0377182556213995,0.27522673466210357
11667,32.483459780234774,484.2497762059681,Road,Central,210.0757692526875,5.418691776914841,5.94831103451819,5.872413447493585,-0.07589758702460525
6472,122.62077679647696,236.88118261393845,Road,West,33.24242597267548,5.651998582270853,6.357157968120683,5.2664893064225655,-1.0906686616981176
10849,165.60551929061532,582.9140220189912,Road,North,120.1096519354742,6.894732919130076,5.634386263747585,6.684997745606296,1.0506114818587111
5022,94.56340617209672,739.4900643937348,Road,Central,135.86600429578414,8.391475187029279,6.9640072882562905,7.547309273156216,0.5833019848999257
8977,46.54614305930587,293.8715799266288,Air,West,101.78350591665163,10.05383918561482,4.701307556123181,6.1879610719068925,1.4866535157837113
10520,74.85992123695345,1034.5342626953484,Road,East,215.34152723773883,12.84193569343909,8.93663715265165,10.154137141362668,1.2174999887110172
7850,180.42914912977707,299.30474489385347,Road,South,75.09437342124936,6.923146935253844,5.701562252126134,5.7929338746684405,0.09137162254230624
4609,16.938559498366274,696.1287889935888,Road,South,230.8166743692809,13.258198043568784,11.52913496277632,9.076255939409844,-2.452879023366476
7603,98.78259744852195,204.54387864379356,Rail,Central,20.0,5.961352525758236,6.650501280968193,5.898672401631668,-0.7518288793365251
7199,120.92143235484244,575.0843773405072,Road,Central,200.80658992608585,5.403609156210372,6.732642946181674,6.0838010931928315,-0.6488418529888422
4672,177.0561666797524,94.17740844723792,Sea,West,43.48904944926334,11.33043281842292,7.990032675850979,8.789798111406665,0.7997654355556856
5328,116.31713236844996,983.718709648915,Air,East,409.5807970509258,10.13163561439699,8.315321644164216,8.300868309044347,-0.014453335119869237
10441,66.20963992715939,645.934018211581,Road,West,108.09622225355912,9.002386206922967,9.73009461905234,7.504000369722885,-2.2260942493294547
11056,105.25619471528852,556.0166849848702,Sea,East,20.0,10.165800478346146,9.509400378341546,9.859497980075227,0.35009760173368143
11907,79.60143080435677,658.4052422802683,Road,East,138.14300611104102,10.798656261026233,7.436910681849416,8.467300969222157,1.0303902873727404
5113,117.01754540114612,251.3324145195168,Sea,West,20.0,9.816865911352464,8.749654378892867,8.662644994512387,-0.08700938438047956
6831,133.30772602968148,458.4365321610548,Road,North,147.31228894543617,9.797318212805608,6.736225721070622,7.397843818872502,0.6616180978018802
2955,106.6700724092804,1126.1488341142638,Rail,West,206.8470980172144,8.64024148125173,8.133481540570136,9.189600651538345,1.0561191109682095
4847,59.65796282060415,553.5519721707466,Rail,North,70.5720958425693,11.224622374505696,8.383393635416985,8.72515490182046,0.34176126640347526
7234,78.17308603219644,486.7917748931964,Rail,South,48.0370188988484,10.470724337166786,6.611869034585477,8.112106071014141,1.500237036428664
9626,87.26599409278836,457.7666875975451,Air,East,210.29764482543305,14.310871414437218,11.087483385253211,8.408929669695006,-2.6785537155582055
11178,122.35627810552356,238.91801136263348,Rail,West,36.73050739155118,9.70615716120145,6.515013321291091,7.281557901555186,0.7665445802640951
1662,94.64293208614616,1190.9382072365388,Rail,Central,204.3889320695224,8.402400429957096,9.389807691296388,9.292579198863532,-0.09722849243285658
9629,113.19674749771846,700.6198537766638,Sea,South,76.29283875702623,9.485568289057394,9.392746651899309,9.620501958007578,0.22775530610826955
1142,154.39792850883364,717.4986277353817,Road,West,200.94139256863025,6.77638578787543,7.876108566960575,6.903427444933199,-0.9726811220273754
6032,111.20075662223,584.6881655065805,Rail,West,112.42922895835692,8.763231021556123,6.486431741659721,7.841718216182929,1.3552864745232078
4584,92.61400867078083,410.8653385594333,Road,West,82.0169631145605,12.575978078876911,8.59751890898562,8.155360917008572,-0.44215799197704797
11277,143.75917706121226,204.1516304779796,Rail,West,50.916578549143175,5.678592294260823,4.599574366172019,5.77559322864998,1.1760188624779602
11780,152.8368603366387,712.1432886830548,Rail,South,123.24649642249976,8.000294041659998,6.665509177536283,7.816148468585524,1.1506392910492416
4743,102.74944076987803,217.23755564329332,Sea,Central,20.0,9.7280235131242,8.494226183254677,8.567225903196285,0.07299971994160792
5030,43.12160640722743,85.39466387635098,Road,South,57.765301671110365,4.552236547989132,2.9259307307253484,4.43282363203357,1.506892901308222
6719,153.85512855512337,368.2064633100873,Sea,South,25.198447109722515,12.04810776647776,7.628951285226704,9.663071697089304,2.0341204118625997
2742,86.70869003922988,519.1741782682818,Air,North,245.82489029542967,3.603112824179105,5.137332078126378,4.6023379625713785,-0.5349941155549995
10399,149.45671605355423,254.5742524587538,Rail,East,20.0,11.487293093001838,8.916536583083623,8.23895631508161,-0.6775802680020124
4139,59.09540389003342,262.4279769097054,Road,East,31.21784551629204,8.23456187516718,6.001855724356361,6.546299386214121,0.5444436618577608
9234,160.0621554570697,366.7421406008321,Rail,West,60.51628334922667,6.84053977682169,5.054484166721325,6.596695029648865,1.54221086292754
6834,118.3479682649297,219.23250355474767,Road,Central,90.50139819260446,7.698572533082816,6.466122755673895,5.970575465620231,-0.4955472900536648
10833,97.11166020558326,525.3245803876991,Rail,South,36.81489772320126,8.402423818730554,8.20164076645225,7.4783333533266,-0.7233074131256503
2487,67.0660413579033,383.3331689203122,Air,Central,129.43909786682704,3.5813910041576467,4.663428607230265,4.160589653123993,-0.5028389541062719
6872,76.00868467261647,405.13486775497,Rail,West,124.4386383746879,8.496687318649922,6.986906449752227,7.2982301000264655,0.3113236502742387
2389,185.57236197125067,404.50974755724747,Road,West,134.51272899713769,6.106314814473131,5.463241401900089,5.857751190679178,0.3945097887790885
8847,113.83266737970342,828.2502978446175,Road,West,185.8596441053448,11.00909430569642,8.34736718284884,8.677467299562448,0.3301001167136075
543,131.08044202709115,424.61607127471456,Road,West,20.0,11.451483967696678,9.573664544618694,7.780377012079947,-1.7932875325387467
9288,95.6934246298853,480.2365974100146,Road,South,71.4506154444143,5.122451466703725,4.244489874981917,5.631727049273914,1.3872371742919976
3328,180.98359757517449,107.13658193457913,Sea,North,20.0,11.84603850521712,8.839333122022625,9.095544239336702,0.2562111173140771
10082,63.90386996808325,485.4061272425041,Road,West,99.8633799903591,7.860652239065276,5.356771978490089,6.693391183422454,1.336619204932365
2992,140.4275473828245,158.02361177758934,Road,East,50.6065365739132,9.855736165854305,8.597203314838328,6.841736249504278,-1.7554670653340505
5636,78.37959716699139,217.70947766888375,Road,East,80.20952234503557,9.76127929294274,6.128070561416176,6.973641905438991,0.8455713440228152
6884,102.76969983991351,142.5792675066522,Air,Central,90.63812205980686,3.774851951818389,3.722249497918642,3.6055786368232936,-0.11667086109534841
2344,142.64774098809062,771.392630300887,Sea,Central,20.0,13.813145426145448,11.34138818185461,11.407330944651399,0.06594276279678901
1839,124.56219974906412,290.10379434448976,Rail,South,91.04472519412492,7.162046503481557,5.536688915066739,6.447606812287487,0.9109178972207488
7844,103.75106570751488,227.2827458844756,Rail,Central,32.15704768151053,4.78215329813799,4.295802617431531,5.5427989873063375,1.2469963698748066
2616,80.10677264358272,351.39606674522923,Road,South,100.70895865602928,8.169865577799431,11.669944985206374,6.3822488169749025,-5.287696168231472
8695,273.2639757048304,312.928052890257,Road,West,64.69675590768598,6.388282524287548,5.601328033841426,5.701176175022957,0.09984814118153107
6998,44.84942212162251,488.7574938912785,Road,South,130.50328740110456,9.702799545889851,6.288658342666654,7.2801117645855475,0.9914534219188935
1498,36.27173690930507,481.7158705557528,Road,South,145.42152148572077,5.644129731305982,4.934299349267056,5.838225285777694,0.903925936510638
8343,69.35899906432675,326.8484944864641,Road,East,108.67814245267002,7.398304696805637,6.019199856082337,6.425563155614029,0.4063632995316917
733,42.20622968841834,848.8743800086156,Road,East,169.16520384061388,7.606780479591144,6.750858959721443,7.839079228085373,1.08822026836393
4096,109.4345609406565,839.8372442041201,Road,North,192.99234394324188,11.163408911162197,7.629925171744892,8.858250496119416,1.2283253243745236
5561,102.0454508427482,297.6581149871232,Rail,Central,20.0,6.881401633695946,7.439926542345352,6.458562003649,-0.9813645386963517
10299,30.842207813125423,660.7469332375155,Air,Central,253.67339093019228,7.11058539816998,4.596773444463548,6.130276825680512,1.5335033812169634
2301,70.85056805409943,288.81810279495,Rail,East,20.0,5.865016764050518,6.22488308207395,6.360334069102457,0.13545098702850744
11102,54.242299198097705,1324.3077789782255,Air,West,558.8807475046515,8.374465543448311,8.12674002067749,8.281912885773394,0.15517286509590456
2613,152.1107176496687,391.2564888006573,Rail,West,124.66348214316484,6.699927621125494,9.32230705421814,6.619896899299743,-2.7024101549183968
10303,91.9209359429701,806.9954906338761,Rail,Central,96.69638501574534,7.84268482832936,8.329342335749635,8.104366784576136,-0.22497555117349854
5065,66.23067034864101,741.3772312479589,Road,North,200.25009562149236,8.057591370256343,8.053123208145184,7.522970799894728,-0.5301524082504558
6558,150.66698511925853,702.8917654609778,Rail,West,141.07401926555406,13.275110305026557,8.41439503310049,9.727361824791355,1.3129667916908652
11963,76.05527540306399,259.8066924586706,Road,North,87.87910441696704,8.734160078644084,6.421192731970521,6.518746187819977,0.09755345584945552
6462,143.55169631688327,287.91843763449606,Rail,Central,51.69196172054947,6.425105758640166,7.193936943457907,6.271739094449626,-0.9221978490082812
4233,64.17788352431938,93.59750583823488,Road,Central,20.0,3.959674566292854,4.4540924823922,4.334072759942673,-0.12001972244952697
5733,94.8913794419201,816.1881284147534,Road,East,145.41110425574294,8.153256731195638,7.925998481556404,7.937014142848919,0.011015661292514523
10431,47.12091013011788,217.69854694983607,Road,North,45.457076714839424,6.765369702544007,4.6993852115655805,5.717474960143665,1.0180897485780847
10170,55.0423829639532,128.4828335143447,Road,East,35.95551216432893,5.531887416009954,4.372880573840371,5.25644307355544,0.8835624997150688
11808,97.33982242052406,558.2395576207808,Road,North,132.51857294711692,6.362985338731162,7.417887691672895,6.44703815681139,-0.9708495348615056
6856,111.93474679326374,71.35612037949481,Road,West,47.43905018335411,5.541433190974877,6.343014167424691,4.8102432652903095,-1.5327709021343816
4959,188.94435978941985,785.8696857792613,Sea,West,166.26324798670987,9.980045947474087,9.672637929367266,10.089715941189485,0.4170780118222197
6072,129.07620612917034,220.8860554874126,Air,North,92.14042381882308,1.7536230535026496,4.100855088911997,3.165188271004125,-0.935666817907872
9395,106.27916014402037,87.5366062162022,Road,North,20.0,5.866627419776166,5.158378073710659,5.058062286811798,-0.10031578689886089
4184,63.43634533670388,461.3396387120155,Road,North,79.8903613664632,4.602603149482479,6.512132678168803,5.5789925103310996,-0.9331401678377036
11495,101.8771802651086,406.17630780917136,Road,East,64.19304953750571,9.76546957539312,7.810913158684658,7.448680413500172,-0.36223274518448534
902,60.36047765039186,438.6575713610985,Road,North,95.701299990093,8.862966302865516,6.4791128392314095,7.0223102626460046,0.5431974234145951
7879,37.7557528106209,153.18842635869768,Road,North,36.61531273206806,3.4450127501150813,4.225404254643267,4.385819386657835,0.16041513201456858
5833,106.0917844621574,935.470358270206,Road,East,238.35394997388312,10.41924516733398,10.247737617472634,9.048874702457509,-1.198862915015125
10544,70.10795319516218,204.21901336366653,Air,Central,98.8815523261677,5.05897194130869,4.770755459661748,4.219914064391979,-0.550841395269769
11438,116.71234194215474,511.9460311635372,Road,Central,124.99440521487976,7.288955858584936,5.731710802038698,6.576090217172437,0.8443794151337389
7946,59.77917568492798,285.7197859195272,Road,West,75.31185043824706,2.2421759353207493,4.580195590515393,4.206744465397114,-0.3734511251182786
3187,27.76219203900154,1202.9870595478922,Road,South,290.6691033214012,6.171648870371559,7.355656395199055,7.879993327954168,0.5243369327551131
10792,71.89347950067493,361.80006956258586,Road,Central,42.85616492601666,6.305710370682559,6.664440811774326,5.843336104557689,-0.8211047072166373
4209,94.53281872583426,175.75115975826026,Road,North,40.70242034202808,3.3523419282695066,5.065088975500252,4.402849831657011,-0.6622391438432418
8912,141.2004610192381,438.89586191122464,Rail,Central,20.0,6.484498432943912,6.129868620422528,6.672414108566956,0.5425454881444285
5501,109.7130545234594,290.0570187711735,Road,North,20.0,5.562609340488982,4.957258006707127,5.465679625030156,0.5084216183230295
9967,102.85680012376244,185.73928447381005,Air,North,53.27709945954723,2.07359890076119,1.0,3.186648953516511,2.186648953516511
9430,226.24415087331116,235.09517756718424,Sea,Central,20.0,8.961711096034215,7.285581225639209,8.324997833859449,1.0394166082202396
150,98.50389339480849,549.7898547711,Road,Central,127.88366272657127,4.855436137456926,6.127364557757782,5.819592436822244,-0.30777212093553796
3685,82.54273643409373,1713.1340953475262,Air,East,733.923252644575,11.941885861025002,9.925708194864884,10.843695433849664,0.9179872389847805
6669,126.28232134875756,539.1716396934943,Sea,North,70.86849608456072,7.316949583864212,8.539381494385118,8.616756585240548,0.07737509085542982
3458,88.26645631577722,206.2162604350189,Rail,West,80.4589930104904,7.250188081933123,6.659664818389118,6.345909888441188,-0.31375492994792964
3094,145.16419422837362,318.94643163319984,Rail,North,20.0,8.043857684070456,5.648218076884181,6.990128437200557,1.3419103603163762
5199,115.20384599031776,1366.825063796727,Air,South,587.4827865882592,8.764983788814003,7.731681986292343,8.44567893355974,0.7139969472673977
10115,158.64278687003755,121.69174020308144,Sea,North,55.9764333746984,7.751232076909935,9.105779315216022,7.700895814012545,-1.4048835012034768
10939,37.9649767937762,848.7125836582873,Road,North,178.03827835567844,10.240012790941948,11.293983445109994,8.564448542718928,-2.729534902391066
3721,328.01829426326105,266.1803427989892,Road,Central,62.45500739510513,9.165122417704753,6.647905678074412,6.570930180625817,-0.07697549744859522
3952,114.55902269737658,544.7956269913744,Road,Central,174.4310705098681,2.7239990962616263,5.300442436844201,5.061575607694683,-0.23886682914951773
10766,97.1158950686966,647.0039179865113,Road,East,156.756391470007,12.206784238528789,8.644962463819072,8.933599338471737,0.2886368746526653
8102,108.7356952403738,157.882844155916,Road,South,59.141335446257855,7.451855594373603,5.72511341081638,5.62747439787592,-0.09763901294046029
708,55.44813214736276,194.37126008938836,Road,South,99.67615169346232,3.7302536454668633,4.047269358447641,4.425051389565082,0.3777820311174409
4064,121.14086489545166,194.7614880908117,Road,Central,61.1280747941479,9.55788168974538,6.739719199821092,6.55763319050048,-0.1820860093206118
2996,18.098033153853866,236.53241602777024,Road,North,27.043442830662144,6.356512669568518,6.249537587696902,5.6232244052710865,-0.6263131824258155
10261,112.49324889717742,211.517285610051,Rail,West,20.0,7.27603823615872,5.436539903355334,6.35630755929151,0.9197676559361758
4194,178.9026413196206,371.1410252029052,Sea,West,57.52578562064025,10.417911786350974,8.14265213941617,9.17496905936025,1.0323169199440816
1634,162.04663075625092,678.9683860474345,Rail,Central,90.03004989021677,6.1718885753966655,6.070879764106996,7.179931491188289,1.109051727081293
5646,127.49389376871488,422.3112848678555,Road,North,83.14869437748364,4.999126419410734,7.469958829305843,5.610241018454266,-1.8597178108515768
7299,104.81335313950214,400.9887447524629,Air,West,101.72792886653436,4.611026336126994,4.111100793513924,4.5376635934507155,0.42656279993679114
7375,88.43313690758238,523.9668841883639,Road,North,101.4430670154794,8.935077994226376,7.417755784887259,7.261318871474237,-0.1564369134130219
35,59.50512746486327,426.0791794857191,Road,Central,77.04070163524315,4.00662505421704,6.007470518619885,5.204949942662572,-0.8025205759573133
2055,75.87905509285065,2112.541986397358,Air,West,860.0669290094272,12.58408816058613,12.835864281756448,11.806702555758726,-1.0291617259977226
5006,79.2797580912586,227.8199149161974,Road,West,58.15458292401375,5.672701288289758,6.668815508108592,5.260643496931563,-1.4081720111770286
3771,80.94120983076981,601.8210320313558,Road,Central,138.2854094916234,1.2936816428296858,5.942569638138661,4.703370031120545,-1.239199607018116
1744,55.54483980420667,446.51559581696864,Road,South,180.74873376432785,9.620151143604463,7.613367755389778,7.149206786846904,-0.46416096854287403
4077,119.55064739694372,189.7521512995974,Road,South,28.683488145280663,4.293227213051218,4.548813154803996,4.591758234384739,0.04294507958074245
4515,42.39509756651072,260.0741447487537,Road,South,81.65911421454723,2.994990972287084,5.502955880772731,4.332914741358519,-1.170041139414212
6978,104.06826332479945,462.3419594535281,Road,West,63.61164065787702,5.2426591566941,5.02273331581252,5.7029655076345875,0.6802321918220677
428,93.6836320911718,291.1540715833701,Road,South,64.39395826743352,5.415372858136576,5.132574893361391,5.253166968026791,0.12059207466540034
11592,72.67377773205956,303.65180668477745,Road,South,95.75399899897305,4.627514969482745,4.205392088517898,5.015429969078134,0.8100378805602366
3016,119.31599383374422,357.67719163150167,Road,West,71.47289408474047,9.547388410329615,6.524450701099504,6.9495668462196445,0.42511614512014084
5545,132.0692990352877,140.02045671853554,Rail,North,22.25192816788405,7.4838018448611265,5.072086153503934,6.3403755851794275,1.2682894316754938
7636,125.36313094786529,863.6109708214861,Road,South,254.7149493351056,8.603886407241855,6.65480169751214,7.852822429403061,1.1980207318909217
10004,122.72870920209864,526.6488140199167,Rail,East,76.28288535606069,9.971784356814094,8.571071959135923,8.409851365148414,-0.1612205939875082
4129,76.30480974119,977.5232499080324,Road,North,286.1922598860227,12.31938278107829,9.424805134043266,9.633091097031988,0.2082859629887217
4119,58.721840589549984,1761.4666512858132,Road,West,410.8344033041929,10.065485479625588,10.138557578903528,10.75908080869725,0.6205232297937222
2611,148.87369230869177,368.98746685749495,Air,North,131.38585799164915,7.820963892021858,6.176758298027019,5.67829596300224,-0.49846233502477855
4028,62.91398765143307,1277.377438948983,Road,West,294.6222849102029,8.226700841036148,7.931288294409868,8.864124324303102,0.9328360298932337
1626,90.90074922328986,539.1059300015812,Road,North,115.98310406825674,7.273918781651201,6.164976202058474,6.717327898963331,0.5523516969048572
8501,80.32968479290432,553.2956590979862,Road,South,93.1062886837372,10.18843636619088,6.494898022235044,7.604490407764195,1.109592385529151
1393,162.48069363641224,1777.385499316573,Air,East,744.1699379456852,12.142388054843153,10.838420824782528,11.067325299992099,0.22890447520957125
4463,129.27722083950152,433.5772221372585,Rail,North,97.27966440778208,8.06546397597955,5.795065775134612,7.302596624441541,1.5075308493069288
10754,285.86277956548906,291.76526159787835,Sea,North,20.0,10.650516718308886,10.221530439222144,9.129229386067394,-1.0923010531547508
2201,139.34278706784283,1043.920294795868,Air,North,445.556478515726,9.405777030541918,9.629098916701617,7.998272099399381,-1.6308268173022356
4147,145.30385963124007,478.2566962770133,Rail,South,57.24719527297413,7.448785020492524,6.741176038958643,7.0190854522180945,0.27790941325945173
704,37.75961493455431,607.0885459224737,Road,North,150.458893381569,9.616688339123376,7.483742257120141,7.7268499911587485,0.24310773403860786
9010,48.28556919092803,651.3087253142334,Rail,South,208.8313178933144,8.843709253180965,10.01140560937921,7.985608007463331,-2.0257976019158788
7678,138.2953339107279,1122.2210828232608,Road,North,316.3135221635856,5.8997728500538695,6.466900701392616,7.73859722488104,1.2716965234884245
1355,142.53383431397708,138.21042238432742,Rail,Central,20.0,4.731187174889181,4.863862871598203,5.290920503367316,0.42705763176911304
2685,70.39472653167036,1156.2495737265745,Road,North,288.8989195025413,10.52878171337438,11.14336412316299,9.459149238642304,-1.684214884520685
9897,173.78107484026074,187.077309573995,Road,West,27.69335861598944,9.739377759926253,5.316305862723078,6.568984641478395,1.2526787787553175
608,37.13099857127408,273.6035412387283,Air,East,120.7120034047976,7.930012757732167,7.198185301482999,5.691136493924379,-1.5070488075586201
11526,217.28626856744464,87.79520876031134,Rail,North,66.29289783068874,8.223221056181485,6.223851078941738,6.461355774286535,0.23750469534479635
10819,116.57208203408848,396.0412154018729,Sea,East,20.0,8.197656583304022,7.293243689514041,8.75883135882674,1.4655876693126988
10517,160.75399241605524,652.9422068953904,Air,East,215.51800423831688,4.483271289246329,4.911429376214558,5.439038837654433,0.5276094614398747
10195,135.31327619555924,87.10636355997299,Rail,Central,48.35528967985978,3.478442513261081,6.432658953756201,4.725487805421118,-1.7071711483350835
7794,99.76347181187305,277.66407183292307,Rail,West,85.41558881543222,8.204455676477231,5.00125346057947,6.862229127663264,1.8609756670837942
1323,38.19521304529085,221.58669004135703,Road,North,43.11716839812608,5.892770528767362,6.016867276200778,5.421462837280014,-0.595404438920764
9489,115.95422949549103,120.45866944604008,Road,South,25.097727597599903,6.2235336023291925,3.42538839838739,5.094407611349268,1.6690192129618775
1595,64.72883735390863,233.3823643514211,Road,East,33.387519749355754,9.03422482356592,6.14806997894023,6.753141307822364,0.6050713288821346
1516,163.85613553415658,472.76907328319845,Road,West,80.88459106539383,8.355017605007227,8.574283604457735,6.817723740581759,-1.7565598638759763
758,48.27314945231864,563.4908861877667,Road,Central,120.56015173675416,9.080265766903604,6.656345213074795,7.346572667989816,0.6902274549150205
10644,170.51905159899755,1246.633079708796,Rail,North,164.4863161946649,8.325614637965645,9.669153313298937,9.465327802091544,-0.203825511207393
3902,85.68355238361315,434.379795703704,Road,Central,82.4619804093229,6.540577363400621,6.598387087546909,6.114133672364096,-0.4842534151828133
8796,159.0703288167512,344.7975305655922,Sea,North,35.995771445248266,13.56529829583691,12.586442761422113,10.310084743300237,-2.2763580181218757
11903,162.8197550613404,1300.7419476606851,Road,South,262.6632027543122,10.702399070223574,10.223654313289911,9.69815254523452,-0.525501768055392
6018,105.2710408400612,442.8519583507403,Road,East,108.44414095971284,4.447921751345921,5.66299318793458,5.6776687324411235,0.014675544506543403
4738,31.19706461864869,517.9862313526761,Air,South,252.5976605890449,7.228373028737846,5.942358444736854,5.711176380439009,-0.23118206429784482
4860,195.56597780485797,190.5729942671175,Road,West,149.48087751691295,7.812367545017675,5.890588092332512,5.914332125619206,0.023744033286694055
399,212.49927051332088,862.293808843143,Road,West,237.1926662511244,6.416201622997525,8.255943841441896,7.141622263480826,-1.1143215779610696
930,49.56638747046883,357.74787770674646,Road,North,97.88542253231206,7.586396109677395,6.925437102198522,6.369494003982474,-0.5559430982160478
4003,53.56672749522887,131.61213904349407,Road,North,68.35198127757377,8.93493114848181,6.203724095114214,6.263857365740412,0.06013327062619833
542,142.36211576160144,386.0727431565654,Sea,South,26.69470783062598,9.05845920342328,7.461491158055942,8.659001916216067,1.1975107581601243
11336,37.20325055138093,503.9799418697157,Road,South,161.22543423662464,4.428418767848401,5.790420399940572,5.469416620567996,-0.3210037793725764
8637,88.84360525709974,1095.1351701266613,Road,East,195.26084974354285,8.35309887536295,7.435533563946811,8.72469141756734,1.2891578536205293
11711,158.46034779792308,525.7527302563706,Sea,North,84.23187257828162,7.708752479003553,8.541388028940297,8.717597341508835,0.17620931256853822
6131,102.19954918384,313.1608896568818,Road,West,20.0,6.031477617261078,6.928915830613585,5.5950495637690665,-1.3338662668445185
4035,68.86272881055707,521.4962568116372,Road,Central,88.67969201538534,3.308372018841421,7.364281925557887,5.202329984364127,-2.1619519411937604
1688,52.846847134287216,181.5772239988533,Road,West,20.0,4.412349992361142,4.292643961488354,4.698243977163137,0.405600015674783
2128,78.35650603379769,698.3238764193204,Rail,Central,174.19384692748417,6.089731077483211,7.828534200283926,7.2245509076704035,-0.6039832926135222
2288,84.36318841185216,450.3344747541458,Air,East,172.10220262082476,4.446192466334004,5.495346453143754,4.915773581547484,-0.5795728715962705
4688,26.45051872094152,274.74029743757325,Road,East,36.84821334750703,9.357470279902454,5.821145677231622,6.978117584657278,1.156971907425656
1747,86.61692569022304,574.555734430271,Rail,South,84.74730913107454,9.159414853070423,9.572261851200672,7.87812850698026,-1.694133344220412
367,76.77279288659882,399.9619321414749,Road,Central,94.92435661038162,4.379028972542885,5.40208081766524,5.269509382488417,-0.13257143517682302
9433,131.9412482216498,221.71542586947535,Road,South,52.48345965135614,3.472293204981545,5.07398023665804,4.385908254755438,-0.6880719819026027
11466,173.4326133025269,871.61066704692,Rail,North,133.00576102948526,9.943405042224812,8.836265884991702,9.075624721484793,0.23935883649309098
8481,191.44147584944545,585.7556960304413,Road,South,182.25818780657943,8.393839343896186,6.539116768387887,7.052291684212422,0.5131749158245356
3264,123.87421080273369,297.98488813293545,Rail,West,20.0,4.961437388250284,7.668649218667252,5.760530108371835,-1.9081191102954165
5950,30.39127330041216,197.341340267804,Air,North,113.52521563473272,2.5986205382240035,1.9275912477727264,3.4200276660853595,1.492436418312633
2709,40.53442996539038,363.599492758106,Road,South,76.74733933615134,5.268745597003183,5.676909789733643,5.395409218710542,-0.2815005710231011
9681,198.9233037151102,224.8355872109097,Air,North,83.89022143452746,4.835503471215298,4.872627292340178,4.247639539267814,-0.6249877530723644
63,100.34257785846836,267.71470690046465,Rail,South,45.94798000730321,6.605746451067311,7.155919049400573,6.192158921102932,-0.9637601282976416
2189,192.48292840952337,387.95707320493744,Rail,West,71.020166222128,9.757690069047156,8.940813477939445,7.673293110019564,-1.2675203679198805
10450,101.46633608572452,284.39377598294107,Road,West,45.65325162437851,4.84960138723685,7.719229509735231,5.110008130261846,-2.609221379473385
4772,81.89709249623277,907.7656073874912,Rail,South,167.90801397969815,12.305603746542246,8.75534225508365,9.844535623124731,1.0891933680410801
4880,48.25093410404571,416.8573193535415,Road,North,148.1909584623216,6.007028612519066,7.405930205084441,5.971743419663813,-1.4341867854206276
10092,57.3819438544372,1274.526489908866,Road,South,254.7214137554193,10.793609378004293,8.785287371945055,9.677918944966187,0.8926315730211325
8059,143.88026551742377,429.3323186907178,Rail,East,73.22303684854968,8.195703926514273,7.447143878978829,7.5342002736801295,0.08705639470130055
10236,114.03669090434605,274.13702496184527,Air,West,99.53604442953004,3.4471997118064426,3.8066318158684673,3.804095334169504,-0.0025364816989634775
7732,35.95437897693988,553.9962062424271,Road,North,112.9554375505361,3.66251400075566,5.613533161075838,5.4927681642266375,-0.12076499684920083
7664,173.83367816400957,184.6572593203645,Rail,South,20.0,7.726783984192659,4.542769459008271,6.360686268119261,1.81791680911099
6248,78.6466003543997,285.770803648483,Road,West,88.29532940361803,4.751136239192009,5.518229606919986,5.088310695563008,-0.42991891135697813
2818,74.66132890616409,199.74220983437564,Road,North,97.74904958594482,6.384454793972128,5.472064469540127,5.541253361945907,0.06918889240577997
3975,25.71453855578537,773.6997476839543,Air,Central,295.3592189035923,8.152515383320514,5.78571385261935,6.79065521517428,1.0049413625549306
427,90.85414869951754,693.0417652070914,Rail,Central,47.87316436758744,6.295793836677586,8.36777929071898,7.26374981260179,-1.10402947811719
9246,137.15178072587167,469.918057160544,Sea,East,20.0,12.183340770988078,11.876300727998762,10.345384529376455,-1.5309161986223074
9335,101.02964342312724,482.67263730760186,Rail,North,99.82941661436324,8.439516979714416,6.782130003722071,7.563515107354763,0.781385103632692
6351,68.95689112963758,771.2473193617856,Air,East,330.83066973135766,9.629693513678625,5.100536497004131,7.579733612465697,2.4791971154615657
9731,153.4375438569335,312.8577457478479,Sea,West,43.39897376613897,9.710797243195533,8.14330821260985,8.77979413035102,0.6364859177411688
4707,198.80665155176573,1093.4879909267893,Sea,North,181.6957625459942,14.469848661769792,12.047275389280871,12.547155754463162,0.49988036518229073
5770,82.97423238277929,175.5070317246308,Rail,West,72.85015337214949,2.730030053973893,4.226816482721958,4.67784287331963,0.45102639059767213
4337,112.91700462467396,203.05201643149627,Road,Central,20.0,7.245183677276753,5.704636743498275,5.760728545678554,0.05609180218027898
11609,99.12712289991688,108.71591873253728,Road,South,36.07748837178454,7.333987719297058,6.272401055972638,5.459108540772256,-0.8132925152003825
7677,141.46164735331732,97.9132274060488,Road,Central,38.93814507620782,2.2662643177196085,5.973329624125698,3.7408491127879078,-2.2324805113377906
676,142.01475552633352,683.5739956745178,Road,North,145.59557829848023,7.718172272228257,7.603945802291612,7.237678307603809,-0.3662674946878033
11884,90.36525476285183,1083.7187595393557,Road,West,241.51337488106643,8.727933650660177,8.524805993608098,8.53629518954216,0.011489195934062835
6866,145.90756419993295,166.1163461226321,Road,South,68.3808250975411,6.581162394544835,4.083027291668827,5.33806090403853,1.2550336123697026
11149,120.80920038325296,604.0500110113396,Rail,Central,94.43577140718617,10.86834315188344,10.25639874266162,8.647751795719152,-1.6086469469424678
7075,78.01901192886368,72.06624969823741,Rail,North,20.0,3.272400913331185,3.69187725688154,4.694100425990132,1.0022231691085919
10477,67.12981779998997,305.8419825730665,Road,North,74.8085866405227,6.86604373533379,3.7046148126258753,5.978285123893991,2.2736703112681154
10859,218.79039140213507,420.2796093160935,Rail,West,115.4104758567875,4.720224054225285,6.426898420295466,5.986364170559035,-0.44053424973643107
6175,126.71004630554194,351.93602525584055,Sea,East,75.17152932194033,12.174549235423193,8.02490649538499,10.051642633796323,2.0267361384113336
2002,102.94790879072028,494.71588429335503,Rail,Central,53.95511255332313,8.55916625385363,8.627231331451547,7.554456501047718,-1.0727748304038291
7127,79.67288658783762,296.1069327709423,Road,South,83.77662377708928,7.672650428238119,5.751694737365513,6.064429122723421,0.3127343853579081
6836,69.41372517222756,322.0651823959099,Road,South,114.78163856400457,8.366795228810238,6.889999043982112,6.380489108736587,-0.509509935245525
5568,93.20524012503316,448.233462843482,Air,Central,119.13540641725602,8.832634759899186,5.870929951648713,6.167104673079317,0.29617472143060386
9097,52.54167550189486,235.45458733439105,Road,North,34.72543222731812,3.931125949574075,4.902102332805287,4.763550618241913,-0.13855171456337345
8981,93.86968043719666,94.29552510115433,Air,West,30.669033373507283,3.1876351538403003,1.5763371943237976,3.2485964948107666,1.672259300486969
8883,50.35637506221406,1123.7891484120664,Road,South,284.6655450882299,7.797649962709896,7.459117294229344,8.246242864450213,0.7871255702208693
2290,59.08288807194906,598.0113141966204,Air,West,213.51205069555263,4.726272883876052,4.902117123374401,5.101899517595626,0.19978239422122535
8444,64.70484007303398,1671.5458043318044,Road,North,345.39691477216115,14.710840890468187,12.210372487893686,12.249270234016375,0.03889774612268937
3013,28.78258596778275,144.03369645750993,Road,South,35.32520602962506,6.35436120551786,3.8909046787732473,5.214636849131143,1.3237321703578955
740,92.44076197734614,474.30411612918266,Rail,East,98.49811773800984,7.634716221177701,7.187364327651898,7.462439643613822,0.27507531596192347
0,109.41461833814648,431.0281191691994,Rail,South,77.2239268671377,6.395684189170745,5.859402440199651,6.53673804676791,0.677335606568259
4614,64.75372703977837,573.4285294704931,Road,South,162.44769921385455,10.200729640007452,8.26165886525421,7.672184095935833,-0.5894747693183771
2517,116.23948403956246,586.2454583222014,Road,East,84.47878429248678,10.17646860216971,7.248181378906362,8.051945179713968,0.803763800807606
4329,311.0873704309852,512.871138260769,Sea,Central,61.60093880507996,7.234162437562219,8.198104505269617,8.417337489019147,0.2192329837495297
10481,55.97798131467711,54.92262444418985,Road,West,54.21767153863839,9.072486957001487,5.736343304951796,6.019448582988967,0.283105278037171
5761,88.35155201368715,400.1512397025695,Air,Central,249.268984541753,6.424624423622792,7.167202444505262,5.217225317985217,-1.9499771265200447
5380,139.69787738994836,632.0216371662332,Rail,South,123.34531327949622,10.324792550386515,10.301851107140962,8.431817830818904,-1.870033276322058
4685,90.33597952193668,147.21349733402732,Road,South,60.16904069874437,9.82952092105397,5.7704522062813695,6.43937451656511,0.6689223102837403
6532,34.19404426878426,245.8460929063331,Road,Central,81.33242446268986,8.50037720324913,6.263373251017282,6.33129603619043,0.06792278517314809
8730,160.28168599755895,433.08938854798697,Sea,North,20.0,12.069363455022897,9.019532693675172,10.006072191733487,0.9865394980583151
5058,222.7356396565845,281.73164058066413,Rail,East,49.769403099939446,11.119811876149694,5.730179264549873,8.172260796437843,2.44208153188797
5125,132.18759524309553,143.50431208277087,Road,West,67.98040829629203,5.890355947059298,4.873876745097297,5.116388674185675,0.24251192908837815
6101,125.6429134242246,144.5353903997271,Rail,West,93.09491286449808,8.089805362721206,5.275597363094429,6.4806344738978545,1.205037110803426
8668,74.01374150734429,270.44171872750405,Rail,South,20.0,8.071803513126572,7.222963253228708,6.714851932354388,-0.5081113208743204
4335,146.92641708738049,218.5453428840036,Sea,North,44.45807776407965,12.960948025207776,8.727924622442247,9.779456893134956,1.051532270692709
5216,82.81285335020245,414.9200783092198,Road,East,111.30059333287537,6.967772198132532,8.20896180872281,6.496528570276148,-1.7124332384466623
6355,114.26429701454742,304.2305829542597,Rail,Central,107.85061544456032,6.97482234281927,6.097548459977183,6.518854626194203,0.4213061662170201
5399,208.525456945658,165.68881237742258,Sea,Central,20.0,7.6231530483043395,6.708398869065983,7.680342321864237,0.9719434527982544
3473,57.15372046735523,559.7361145295446,Road,West,120.45545315282314,6.687393767994421,5.83284914296312,6.47373465607679,0.6408855131136697
9423,125.20377184852336,603.9361050486342,Rail,South,95.12707903055824,13.6362930432355,9.967843584024664,9.523098495440333,-0.44474508858433026
9584,69.74843759051954,624.6084132269216,Road,Central,192.6112220800111,8.425409409375819,6.385751998767917,7.278813978941821,0.8930619801739041
2447,48.03779612116893,137.64670771527562,Road,North,43.912347483783016,6.956919736812241,5.536499426822685,5.580901158511744,0.044401731689059254
4605,128.66835758830652,175.84117726467466,Road,Central,72.83631301088474,2.7564088198204724,4.937138743872467,4.118117015478095,-0.8190217283943717
10346,113.10734411024598,288.89525576811707,Road,East,67.28723864814854,5.605598153845941,4.216330952373077,5.686252598895981,1.469921646522904
11237,176.65305323541494,472.4935983070451,Rail,Central,45.91735921085552,7.49615552661081,5.53032524591502,7.112125174388127,1.5817999284731066
3206,127.29631687313228,694.0459615673793,Air,Central,244.23576622544084,6.950751392942388,5.461638114326695,6.143234569613237,0.6815964552865417
1530,160.7575803190041,315.50104772712893,Sea,South,44.79523354275095,8.560111219972038,9.526986350691462,8.304143711176367,-1.222842639515095
6375,191.6573023622236,92.58612604188887,Sea,North,49.23057218237391,6.56819530850576,8.319995760858928,7.205010373577852,-1.1149853872810764
4026,140.4404797172097,180.66748891603095,Rail,South,20.0,7.610671228200832,3.8586754816015647,6.3146109165136135,2.455935434912049
216,132.00780042799838,684.5220794523852,Road,South,151.46058189967454,11.195175516970169,7.897040789454034,8.29299467788315,0.3959538884291165
3620,61.31840810421146,471.2915739151464,Road,West,107.4115777165088,11.170768142703604,8.874125876303669,7.8230622577430164,-1.0510636185606526
6423,168.3917343456916,116.59032340765646,Rail,South,20.0,6.0258316186333305,5.1640234833583065,5.590185564679449,0.4261620813211424
921,134.9933734907576,239.72822467151892,Road,East,98.78606981921882,6.158749664262322,6.528999776220513,5.757020426000136,-0.7719793502203771
866,75.18432116644439,101.46211905991127,Road,North,79.64640914975516,3.0936698774201377,4.317104332263298,4.1313432480809515,-0.18576108418234671
6143,92.4324739695774,203.4290183150917,Road,Central,53.76349719685486,4.894007550552988,3.730474247700891,4.9426397769905694,1.2121655292896785
9562,178.5836801721172,407.9974212394611,Road,West,146.36002763008705,9.80463720862314,7.926693095571564,7.169972471580578,-0.7567206239909865
17,88.06990906367888,305.4417673979881,Air,East,148.2242896679757,3.694047067411972,4.500562758876508,4.278825889435492,-0.221736869441016
4226,72.90470052245777,690.4832439651589,Road,South,217.9934479648528,8.871059080923928,6.3778788936249,7.508967090533561,1.131088196908661
11757,116.0644522538264,272.31225705871924,Road,Central,59.388822587382094,6.336308572275286,5.384971783875599,5.622382351316491,0.23741056744089128
11228,76.7957073216952,306.1512303187754,Road,South,36.698636882202976,6.525562090457581,5.054277941122185,5.680276142269495,0.6259982011473095
6464,161.3183385926844,1009.8389029720026,Road,Central,279.0583755294378,6.834866249669605,6.403876859231453,7.698011342963576,1.2941344837321234
2507,254.4065888864108,281.6543783142798,Road,East,57.02326569605624,8.005447921094122,5.802752850780745,6.489601838961964,0.686848988181219
11479,59.48676758423322,337.6245380294093,Air,Central,92.17928206879624,6.593788388617044,5.150877153213296,5.0995583641321325,-0.051318789081163274
4808,73.94185121719582,531.6671346537839,Rail,South,128.58112861996477,9.18877024425976,7.27195750437876,7.787488610609407,0.5155311062306476
9054,58.97079533043329,241.992560926198,Road,East,36.616096889424405,4.23132063440174,4.362899093814868,5.087245262154071,0.7243461683392027
10803,132.13387760659873,760.1844886489234,Rail,Central,144.45744874009645,11.093967643789163,9.353310692570322,9.129637659754003,-0.22367303281631834
6685,152.8446645651101,198.5378163153805,Road,North,81.36844498016774,4.047329171347803,5.572886792823085,4.702442538780707,-0.8704442540423782
2168,116.69714133080704,726.3214790425108,Road,West,228.36339349683809,9.809883414637747,6.229568117889133,8.002140970289325,1.7725728524001925
795,179.48451004927097,210.33587267678132,Sea,Central,20.0,7.441248135219187,8.219098905019415,7.7341803241292215,-0.48491858089019324
11290,24.136181548466624,655.14972672996,Air,East,261.3833441485074,9.395430568148669,6.759660861390365,7.198782641909071,0.43912178051870665
11153,84.98408639433057,134.6584208248112,Road,South,106.9353493717206,8.5325648723503,5.663281207845106,5.95877827435374,0.2954970665086343
2316,45.32029910153469,768.6872026260697,Road,South,222.05282599833603,7.248299062721503,7.072935431919994,7.141785730033794,0.06885029811379972
1562,176.38663051403267,105.77848756899807,Rail,West,20.0,4.1132474471131655,3.4731336973999625,4.965711449630815,1.4925777522308525
6761,149.76652222378792,403.5047133438368,Road,North,100.01416840374792,2.949384252902642,5.029859226183215,4.840684917544643,-0.189174308638572
10305,136.6994078027903,107.20849398098323,Road,West,32.76280602726473,4.091020788776792,4.856764579995762,4.3856062989985265,-0.4711582809972352
2342,77.21732505998143,290.40326315892696,Road,North,52.58259982705201,3.5801937028202158,3.281476594366511,4.778795779260834,1.497319184894323
7249,80.04049673170778,1472.8231325046077,Rail,Central,225.76775299800536,11.951369931783036,10.556576376113863,11.262758436105393,0.70618205999153
10087,112.73306782039748,584.0110336797159,Sea,South,79.29351203663293,11.126439229819036,10.15948969730578,9.901510140915665,-0.25797955639011505
2913,104.08716377737166,667.2939901470473,Rail,Central,89.58121457823083,9.88467402494462,7.482401329911442,8.464416167503344,0.9820148375919029
7770,147.86436138344152,195.07610758455917,Air,East,74.71247950919599,10.967322840934912,9.022326896487114,6.536775651311765,-2.4855512451753485
3781,118.11008036694923,533.5920093915113,Rail,South,87.54225362552484,9.403610453940628,8.425148605362116,7.855602345171882,-0.5695462601902337
11001,166.64722517291978,526.9882926780549,Road,North,78.14129065283556,5.915674785885496,4.825116196289942,6.1923187874949335,1.3672025912049914
10962,87.11576790696148,128.48695603788465,Rail,East,23.70737881536988,5.387138938432294,6.866315830072685,5.782665093649031,-1.083650736423654
3482,62.067027917650194,422.5714342118392,Rail,South,105.08548017057612,6.5298776860132985,5.420767645303812,6.573351474469217,1.1525838291654056
683,79.00171532144417,434.8624735235994,Road,West,151.3924380187113,3.3722431027595645,6.012750337691263,4.991479154276245,-1.0212711834150179
7007,129.2240076480336,217.6925875475052,Rail,North,38.30269046204283,7.465200498525046,6.722469055025182,6.53407092704729,-0.18839812797789168
6486,75.4276069270785,249.9030223389557,Road,Central,20.0,6.303305971257404,5.209701461221184,5.5541433429197635,0.3444418816985797
10865,124.25285910924184,718.1699001792507,Road,Central,205.80629992329293,11.462685889806751,7.094001773121488,8.578785503053435,1.484783729931947
577,112.9842163322664,191.21673281558876,Road,Central,30.91686984340862,2.413673445961968,4.436505851455694,4.033016049791489,-0.4034898016642048
11140,107.4465892217926,534.2130041522445,Road,West,108.07099409580238,10.837372773493405,6.621194499028528,7.8591483097244,1.2379538106958723
2968,55.61579071256524,397.4880686446469,Road,Central,78.09148888163932,7.452827015470952,5.688185905971661,6.3449297876156185,0.6567438816439575
11472,99.086190496343,543.2593061962355,Air,Central,160.724011565146,7.712520808204434,5.169531869827223,6.01990705088503,0.8503751810578075
7663,168.19138484843646,600.9736798053732,Road,East,173.14447807976714,4.986701000001809,6.233041782959541,6.2692509120978706,0.03620912913832974
6753,70.82676827878932,402.0362257446933,Road,North,44.30967210628887,11.00778705709002,8.488322881090554,7.674612470417497,-0.8137104106730568
6520,71.35445874856164,517.0340986113259,Road,South,181.0698172826584,7.380214507749384,5.580229177416134,6.538521605962476,0.9582924285463417
761,109.96967863371388,202.3860537738615,Rail,South,48.5749518330612,9.09111745494,5.395230303259467,6.899040682131979,1.5038103788725117
5267,56.81752575326692,361.7791152990244,Road,East,139.3165867800795,8.319105524207508,6.960244317876682,6.8444353478615385,-0.11580897001514323
8990,71.3785981701952,495.41102346308816,Rail,South,121.59452941693137,2.8364378703075968,5.579616348999947,5.460658450039331,-0.11895789896061615
10793,47.204209609452086,169.0239999485706,Road,North,76.58674225538701,6.773545673280291,4.896251312140008,5.600987322181623,0.7047360100416142
1457,30.68539969500897,261.4816530821146,Road,West,100.48697713458856,8.29694125925895,8.529637291030753,6.282322314325639,-2.2473149767051135
1617,53.03828293617217,1460.230488515208,Road,West,302.38774964776405,13.233321097870371,12.426774245077905,11.092447108506928,-1.3343271365709768
4449,84.39129910151772,280.47211277948537,Road,West,87.78924477404809,7.677370752680368,6.084901064911435,6.103025741847896,0.018124676936460915
6569,87.40622704837776,200.02663195091623,Road,East,39.0819018744734,7.43012375045201,4.993873535536395,6.101657514498665,1.1077839789622708
2250,138.52046124998657,289.63609306698373,Road,North,57.69517264496813,4.553885251675752,3.778997361966403,5.110997313084077,1.331999951117674
10010,207.68007003140696,427.4720270051306,Sea,Central,20.0,7.26039187845986,7.704061342086885,8.218643626488127,0.514582284401242
2576,188.36747179359625,657.4437417175682,Sea,Central,50.15539825963465,11.03277995470471,10.542109436689998,10.137314926306825,-0.40479451038317293
6521,74.90252148232025,299.11260709180164,Road,North,85.5953368462646,4.196403765046762,5.976136574980083,5.0226998173997295,-0.953436757580354
2614,43.55432591763048,250.93205590292231,Road,South,90.88548043129693,4.457131722363792,5.468398141716282,4.825019313872859,-0.6433788278434225
5589,93.46173194260376,610.9460800494411,Rail,West,74.81197008064301,9.17619895306535,8.836248335530323,8.05097558075737,-0.7852727547729526
4398,82.99402652374887,365.3296335757636,Road,North,160.28612855108855,6.076369735606539,6.5691792170795695,5.861705986362961,-0.7074732307166087
6590,72.56363259665754,571.1101054841955,Road,East,166.10097127163118,5.194018618155675,6.595926183790919,6.27925927396495,-0.3166669098259689
8771,99.2498097766986,377.6877216810914,Road,South,96.49975744918731,7.165447420071658,5.393151419489821,6.092463502747414,0.6993120832575928
9775,103.03589729808274,452.9318839926689,Road,East,87.31114609897142,12.094198642141835,10.536858684394966,8.389685019401327,-2.1471736649936393
8115,61.507302389164,573.1340994152196,Rail,South,125.46385333185874,7.932199734613366,8.70781423210473,7.452413673752786,-1.2554005583519432
1807,86.48703209209351,464.3474085901809,Road,North,114.43639070539876,2.469643206607932,4.263055861681218,4.838052425131336,0.5749965634501173
6584,127.56539691933048,155.82847975010054,Air,West,85.08650903427039,4.511819827063942,3.873115145345449,3.8735809448492935,0.00046579950384462165
10903,203.0696021680537,512.2493455737432,Sea,West,64.34223638893938,12.067839469005804,9.93521165630636,10.1115007247037,0.17628906839733993
10279,73.10753347353403,435.9528874136244,Road,East,71.56060214618194,5.291783662149749,4.5143817173913945,5.956364723722503,1.4419830063311085
5714,100.88974465951128,160.45969520902793,Road,West,39.52187986377603,6.526065362043653,7.350115817959256,5.383619823754877,-1.9664959942043785
3532,160.9674255202969,433.4240111451645,Sea,South,20.0,7.777410004074248,7.38184537600338,8.325212782190476,0.9433674061870967
1041,159.2552801394324,212.65835674682285,Rail,West,45.86778937370411,6.323221248194068,6.188964772486055,6.0209359482483045,-0.16802882423775056
3853,166.49170115242822,1032.4555378910222,Sea,Central,76.6476603225324,14.378966764001486,13.471356395608138,12.274811818503863,-1.1965445771042749
4974,42.93056315008171,1299.7719529546755,Road,South,322.61470813722434,11.992750910443874,7.871295904438002,10.175637341967082,2.3043414375290805
5007,78.14410904711657,450.8165312335388,Road,Central,109.43041367999238,8.830471363701506,4.808009835320139,6.966201883459511,2.158192048139372
173,177.10497842990742,589.4073531605666,Sea,South,69.31275052694905,9.710513031617475,8.960628620925089,9.406397102885588,0.44576848196049923
7020,29.062720778087407,202.66846639002213,Road,East,86.2735599205374,5.316365878618572,6.120784675753156,5.3803001855238985,-0.7404844902292576
169,72.834738386995,1183.7300647839977,Road,East,296.0618462502412,10.8981759986335,9.815305579796572,9.861777525062653,0.046471945266080894
8861,98.34132886023664,328.91270571784537,Road,Central,64.22294826270178,7.592207304975693,6.0241730764772194,6.211296567781384,0.18712349130416417
7900,53.25952900226615,587.3725199067935,Road,East,165.4094507811382,7.147080288423642,8.369942303840041,7.010212956923853,-1.359729346916188
8550,69.42934351389799,590.2657430073773,Road,Central,124.94696648025264,8.316253230097534,8.864016886097124,7.143491892998155,-1.7205249930989694
3941,267.021106624278,683.8202579309464,Road,Central,180.98092505311703,8.694871618227372,7.907795011637735,7.493523397134592,-0.41427161450314376
1272,102.63524793737136,1121.6248635059017,Road,West,296.7287516603915,7.248954947953822,7.545874260443959,8.118630037633196,0.5727557771892364
7153,90.81936733109713,217.3525501868393,Road,Central,78.52589783727856,2.5747189515719726,3.848423517540399,4.166160948578101,0.31773743103770213
960,138.4828751370766,700.1699926350267,Road,North,170.26479623011377,6.566784180989254,7.155813105702754,6.878995180470734,-0.2768179252320202
2543,134.546723575139,433.99849178769045,Road,West,65.50383348831934,4.704074792941946,4.298221194245934,5.437264691179272,1.139043496933338
4718,222.22891794880144,418.2141438088523,Road,East,55.14086388346664,6.549544351088196,7.921164439281316,6.329336748700287,-1.5918276905810291
7944,91.60851633900806,485.1889677086256,Road,South,127.20751874814154,11.735872678691871,8.304983333094473,7.978694002099171,-0.32628933099530233
883,47.90637813646931,537.9675480479902,Road,North,94.67248112659584,7.178018318040925,7.927043391370235,6.683986239566569,-1.243057151803666
10437,237.02827800147372,769.229232994073,Sea,East,76.82179905356976,15.667661050671995,11.379561631116244,12.325376734242521,0.9458151031262769
2522,85.83429963667469,879.2184863537832,Air,South,426.58856788430046,14.046012367883703,10.088841844348956,9.044257293610931,-1.0445845507380245
799,111.186911989539,402.6135481023641,Road,Central,74.2271793594328,8.926653816501968,7.681311832165669,6.867569162626911,-0.8137426695387582
11845,117.83250026374893,763.9957702630186,Road,North,199.68217223329765,11.47465014888273,7.60976628259751,8.774551931548515,1.1647856489510051
8330,88.91348074275585,368.0380173945143,Road,West,74.78588300294008,6.130433923044418,7.274109005985748,5.779170446534064,-1.4949385594516844
4030,57.9964307629823,213.9872719544873,Road,West,20.0,9.595376012685328,6.7532504990514255,6.602692454087045,-0.15055804496438085
1593,43.25232210139597,396.7445831221682,Air,North,89.22218246735693,4.575632698542567,4.533954981991188,4.617068649539187,0.0831136675479982
2536,226.90215374939683,892.4411908861617,Rail,West,124.12804924678328,4.919228022758805,7.818247866664807,7.257178660146863,-0.5610692065179439
2882,81.6892128889776,276.8415484554009,Road,North,77.45266329770195,3.6506147734193126,3.941021547032901,4.7719591258282845,0.8309375787953837
6496,133.6955514237651,356.8838955024799,Sea,South,20.0,14.219328813390806,11.217155101494944,10.40007900194259,-0.817076099552354
6765,229.5529522251304,272.2210646694845,Air,Central,100.18276841895704,2.4347994468390617,3.9633634305716186,3.4467368848510267,-0.5166265457205919
3601,180.33117198421053,172.81211792253964,Sea,East,23.72257762235921,10.407944379449786,7.652366171539609,8.959609648140768,1.3072434766011591
4418,157.83858160409793,450.8254984013779,Rail,South,53.297299104174655,3.40476114173771,4.800630021387978,5.524705456659822,0.7240754352718444
4782,30.40751168927597,1093.510157505493,Road,East,199.21473539352496,11.25137861962249,9.8983932787451,9.748982890169055,-0.1494103885760456
4220,132.2845629393133,198.12919651195247,Air,South,49.15048911528667,1.7188614311240864,1.2910990120793928,2.9162885577904447,1.625189545711052
6551,56.85043133008644,949.0923205524782,Air,East,438.6866985690631,9.119329129313654,8.99450968948347,7.869681702623759,-1.124827986859711
3678,151.066831691264,439.41833707875054,Sea,Central,23.97869161570426,7.570720046783783,7.545261707140806,8.367046509071374,0.8217848019305674
1160,134.64223053665972,212.18639244006027,Road,Central,26.152468727272527,7.837969088148969,5.35387500237158,5.990115970795702,0.6362409684241221
3884,59.38489840879993,604.7726496129618,Air,Central,209.46011245827043,3.953006748990954,4.485377817175135,4.866965734584593,0.3815879174094574
9624,95.60440878374598,161.750465069971,Rail,South,21.55019309572257,9.045623666012771,4.556394338231473,6.777958446472347,2.221564108240874
4480,138.54839397235224,1012.895223591616,Road,North,261.66685830326736,7.831683630866415,9.345185903094553,8.132160839563962,-1.2130250635305906
10371,169.29193570561364,562.0876647061901,Sea,Central,114.38591496581569,6.809143074901947,7.363119738085156,8.421384708044727,1.0582649699595708
8452,168.0726269986611,395.3613820061657,Rail,West,61.70866651580407,6.393112786396404,6.804591297731476,6.511118669812801,-0.2934726279186748
7995,134.69124023941646,438.6198197929281,Air,South,150.87812187593406,6.6567331853749705,3.074240932174063,5.278599608261349,2.2043586760872858
586,83.75629822214283,418.4500424728475,Road,North,59.4555898871417,7.22207545397686,7.045075146439795,6.385244043327334,-0.6598311031124613
1579,145.05644936477557,301.425501069567,Rail,East,20.0,7.104385111724299,6.081364505422913,6.817358920861846,0.7359944154389328
5396,40.26325451743848,163.39730448489968,Road,North,59.551761603134906,4.520296929392655,4.280265980841173,4.792841121879851,0.5125751410386785
6997,99.0879815142544,197.83070648357585,Road,Central,20.0,5.756624554870921,2.9209689197314117,5.22598098379249,2.3050120640610783
10667,107.31258087655225,278.0005448414429,Air,South,69.22875977772804,3.17857988247018,3.022511707550458,3.6393013276215616,0.6167896200711036
11048,73.88692152930383,132.00845247984324,Road,South,20.0,8.178575175806172,6.41345753210468,5.816789136532853,-0.596668395571827
2957,194.8829932899014,130.4935692309732,Air,Central,111.93802415871316,4.418292298527385,1.9949272779633396,3.7906318334857794,1.7957045555224398
7516,110.34271947645408,459.2745996085652,Air,South,236.0070215678346,5.236905659358243,5.332221192977038,4.847506794871443,-0.48471439810559414
8682,137.76164381536603,742.7798785950752,Road,North,249.19492528372848,10.57687278938692,8.743422627869263,8.40899133769378,-0.33443129017548223
2585,98.64342939303438,117.65986760197224,Road,West,48.86782279311141,5.030854936188987,3.4471514605022464,4.750595364723669,1.3034439042214223
1147,77.35182136580806,702.2101100732943,Rail,West,111.14113406218134,8.173055609631481,9.706573138891562,7.9378290777525855,-1.7687440611389764
8715,110.71984533507148,613.393970784512,Rail,Central,159.25580054343956,7.500530650836103,7.849834779465594,7.497832009679104,-0.35200276978649025
9619,56.05312847348405,759.379721559616,Road,North,143.8372751205602,9.721828873240296,8.130649497783839,8.147494185175336,0.01684468739149736
9502,81.86662499706235,441.4288893790984,Air,East,269.93212935802745,5.750018461163231,5.0152395508615415,5.365966000717334,0.3507264498557925
4562,162.74416614755984,2325.7819392938604,Rail,Central,413.0186387769194,11.629403331821631,12.851075596045352,13.333262705445904,0.4821871094005523
11488,162.11929313452592,721.9263429870384,Rail,West,144.75494421273044,10.527947284554289,9.141435258681708,8.808481414821934,-0.3329538438597748
5019,98.9510212352664,322.3182694848596,Rail,Central,20.26117676141664,9.266092287195862,8.389138174639362,7.360423163098045,-1.0287150115413164
11108,157.3230808433426,398.6522426554608,Rail,South,75.87233904755796,10.45485197076112,6.430199863010127,7.874709817895978,1.4445099548858504
2534,74.0883497804848,154.6980019262704,Air,West,20.0,6.006286865383453,4.985542895269821,4.394866497638867,-0.5906763976309533
9302,44.79826875380469,951.8220966257657,Air,Central,415.4384892056046,5.758621644070794,4.828977060638735,6.416063000797992,1.5870859401592572
8348,140.12291542080376,340.33107466211874,Sea,East,20.0,7.475936287860918,7.0269027342256605,8.359875384659453,1.3329726504337929
3265,55.66667994844944,910.994204932274,Road,North,232.01333394771387,5.95591586987315,6.206760661810281,7.221287213424171,1.0145265516138897
8985,61.86343255384728,223.64993725418495,Road,West,75.18116167247935,5.664170785512908,5.068672681801616,5.25202363774472,0.18335095594310324
5106,163.36650161062022,182.3588926896421,Rail,South,49.77716411523242,7.42572704821993,7.027560754986028,6.254745637552114,-0.7728151174339137
9727,150.9185290369413,88.18135627498914,Sea,North,20.0,9.703337592137744,9.80744457059898,8.298204196650193,-1.5092403739487867
7871,130.9792416080777,487.2160318697482,Road,North,92.99166200277556,9.3545975546735,6.74124845036865,7.307938632891338,0.566690182522688
2676,85.91999379902943,1216.4539683283303,Road,South,264.7430535429404,10.678290290923028,8.447289859846805,9.486911345500658,1.0396214856538535
11180,120.77261842929865,1193.9870006848837,Rail,West,179.8319484909346,12.766634021240174,9.230948686774454,10.807383284125509,1.5764345973510547
10264,153.64582157901822,111.57535299623952,Rail,Central,20.0,9.000935736883061,8.705318230498348,6.723148365428834,-1.9821698650695136
11392,156.58943830075592,705.5148235165929,Rail,West,59.78547957141406,8.857401037312911,6.473779126296954,8.167946400598355,1.6941672743014013
10471,125.84700749434468,405.88430437628085,Air,Central,190.70222003836548,4.869348314431824,3.887404648054865,4.670986936498348,0.7835822884434833
103,70.93002791825893,624.3494499382265,Air,East,238.45451854227585,6.488504276674231,7.546018927845421,6.087994521972902,-1.4580244058725187
11210,74.08749864940236,401.2700061004056,Road,North,71.01231330906332,4.233792136154908,6.490530222437823,5.293691943708256,-1.196838278729567
9238,105.762178637226,362.84007931761386,Road,East,96.12188009333605,3.95016949239003,5.352504745165311,5.2973075207254805,-0.05519722443983088
9528,78.32985089714654,872.1311708959806,Road,Central,163.90502670950286,9.139886245959616,9.518304709487587,8.154219385885515,-1.3640853236020725
5418,172.09558337055512,520.2782092995838,Road,East,171.75799828508457,5.317829428789496,6.561080114245788,6.179711246052172,-0.3813688681936167
3231,124.529156198213,347.26749505168164,Rail,West,56.37601279215674,6.892777203871436,6.506880007222675,6.57016958782843,0.06328958060575562
5709,85.46350040209474,199.6739415064115,Road,Central,20.0,7.662908592383337,4.430618255449144,5.903077733825597,1.4724594783764537
5268,46.806401173176624,783.9314188154384,Road,Central,243.9207801021748,8.548861635547619,8.834063752547987,7.738094469538657,-1.09596928300933
10991,110.08844136134437,468.9467413631096,Rail,West,20.0,10.858556367549316,8.832161308554113,8.271252834635447,-0.5609084739186656
6045,158.22984400740108,174.93553758767146,Rail,West,28.742039431006948,5.744096695495278,4.327792395648169,5.719043243126247,1.3912508474780783
3352,109.63846083943436,140.29157372061331,Rail,Central,76.85883007910405,2.513879999778114,4.157770238941764,4.529359496405194,0.3715892574634294
9995,116.62561334636602,262.4278961791968,Road,Central,57.648604811774575,8.372470341708013,7.121297611928583,6.3129977178730625,-0.8082998940555202
6306,130.4635330657072,461.39500028233647,Road,South,109.13457297296502,2.7513159910341143,5.8155116177863775,4.750183834801034,-1.0653277829853431
8223,94.76965550340768,965.4474572848582,Air,Central,386.7956993283162,10.040162431432254,7.081231500762966,7.945035559786815,0.8638040590238489
8511,164.4773477137111,539.0229595771461,Rail,West,78.32912465191099,8.171818436303441,7.6216186944119695,7.50490851492229,-0.11671017948967943
291,66.05554680456125,571.1448170471664,Road,North,171.55866567798137,12.033166825948728,8.69922388733486,8.484123240944047,-0.2151006463908125
8163,78.15733327884483,381.3982490916607,Air,East,137.13601791320718,4.284799438812817,4.9122882773465815,4.679628389762825,-0.23265988758375666
9240,254.8752943673724,132.46405172779365,Air,South,20.0,6.548380725537944,5.746711713009657,4.425586599559866,-1.3211251134497912
10648,163.88590349197167,258.37219473358897,Rail,Central,83.19915903403944,4.388230532902286,5.298358313252495,5.481766693597995,0.1834083803455
5146,141.15093120227,1046.1262093361886,Rail,West,119.17095793174136,8.241702499612279,8.501594630562174,8.828372175505798,0.3267775449436243
2609,122.0394466441732,424.3561942943239,Rail,North,23.909586098737755,6.893143664070248,7.278162112237002,6.857469452790008,-0.42069265944699374
3724,176.78182867116055,257.7952245524898,Sea,South,25.908565350428045,10.156976886738258,8.358099098969127,8.713933848569637,0.3558347496005094
8276,135.21489334308865,304.7217346202239,Road,East,105.07401115798056,8.371996421907843,6.964506054518709,6.701533106742816,-0.26297294777589286
7675,172.30018513437477,401.1304246059988,Road,East,90.80711819590736,7.336352288035254,4.906138672219655,6.575015025881455,1.6688763536617994
8449,171.6352266405388,439.5110490242644,Sea,West,71.71208838911613,11.951341468178024,11.206401455452506,9.891214476645654,-1.3151869788068513
3790,172.5524346047831,139.95889297214904,Air,North,84.19012640026388,3.028616401844454,3.538476810006336,3.4002512739891,-0.13822553601723575
3647,48.06402670560777,296.92370771110893,Air,East,125.98529382880776,6.491914968996853,5.11597151437683,5.2438339911018215,0.1278624767249914
5769,58.22388121529183,187.62816905913104,Air,Central,82.25415683040686,6.716534249338155,4.535434218515185,4.760033938714049,0.22459972019886365
3745,194.91240061894763,829.148174370366,Air,North,310.24108277532656,3.325742243218052,5.486039720960258,5.286383865462411,-0.1996558554978467
2239,90.31435217563796,678.9960791274484,Road,South,138.32305242493706,10.333078378324853,6.291448742371761,7.980009927762665,1.6885611853909035
2516,142.19620299049316,256.5514488375574,Road,North,74.45399503096208,4.455625941510263,4.954471741945383,4.994150051964877,0.039678310019493956
6896,114.63448436101704,1222.6602280836962,Rail,Central,155.58557054321102,10.760854072845063,9.524367905735442,10.192789247357172,0.6684213416217304
11909,149.69031085591794,1169.964900453042,Rail,North,138.0395261660756,9.117831295919178,9.887232387335237,9.548249659239417,-0.33898272809581975
9764,173.5945801796723,642.874991968898,Rail,Central,126.66386587428246,7.929264973963202,8.430438345149936,7.70970338487159,-0.7207349602783459
6954,127.34879963248362,234.8311663869795,Road,Central,67.39474695745702,9.93405344829826,6.909604074859768,6.791810481431746,-0.11779359342802209
1713,64.75188041543868,355.1300724004225,Road,East,139.55712779255748,9.805585439454166,5.416263647409817,7.349163916369807,1.9329002689599895
4706,173.1184335669566,401.47582780458777,Sea,West,20.0,3.9154568863684913,6.983764831670289,6.960815498158507,-0.0229493335117823
578,193.18685878407516,406.8781208087406,Road,East,120.98237517859089,8.404753675866303,7.120174276795532,6.966602012844958,-0.15357226395057388
10185,72.59122378912365,181.21311570894736,Road,East,75.58904389012451,4.560921647411286,6.34732895027311,5.052141523120241,-1.295187427152869
1511,120.42078262421,116.55237167824532,Sea,West,20.0,9.86853264079281,8.868149928229759,8.337549428204948,-0.5306005000248106
6137,171.5736156363214,542.4065852653272,Air,Central,252.5463070062558,6.189409809280184,6.438309453342669,5.48452115402994,-0.9537882993127287
11406,196.2711881981756,450.35816738850576,Rail,North,28.828003759893747,5.282778156526309,7.941063007182964,6.347053221110864,-1.5940097860721005
6159,85.80069786812633,396.5759547071655,Air,Central,234.3495714224025,6.070195224429865,5.5718507580370895,5.081734933110449,-0.4901158249266402
2232,25.48498096441552,889.6725129893538,Road,Central,189.8061414200245,13.211369798510688,8.148666301243967,9.642155436113274,1.4934891348693071
5651,92.26693029498956,433.1341959625654,Road,West,80.99003931628744,6.872872351605407,6.859805967587391,6.206214063777994,-0.6535919038093976
9531,57.28031368980484,277.31167459382493,Road,Central,106.74909939650648,6.064872507098704,4.801994804594748,5.555022484454359,0.7530276798596116
3751,70.1064716540065,226.33408157430705,Air,Central,58.33636325009667,7.182909700003822,2.4798285671511584,5.017331108571985,2.5375025414208263
9821,106.12356206359912,1472.2933919360344,Air,West,593.529613753266,10.035165655128552,9.869143136556596,9.239617329523767,-0.6295258070328291
10683,42.05443868400491,131.71470734135656,Road,West,49.19888388464575,7.699616604602533,5.451454328807301,5.733257858591715,0.2818035297844137
4454,219.28404958661665,567.0000813433371,Road,Central,158.2944233075043,5.470089880371927,5.715283158209431,6.066112382184674,0.35082922397524285
6418,111.01472767499808,240.24628260407735,Rail,West,64.0750167308504,3.235416593969595,4.570370568876885,5.0148501585841325,0.44447958970724777
1768,156.1212575212718,261.9113279137062,Air,South,85.67340342651568,5.403489092797759,3.343032655847465,4.376018885208126,1.0329862293606609
4862,178.3779671595237,856.4113725062804,Road,North,218.4606889083336,7.214541956341972,6.666907319442918,7.505152243201919,0.8382449237590013
621,54.33739962699647,2252.037017414878,Air,North,949.8365994954708,14.8226650916631,12.421421788997725,13.060068894338166,0.638647105340441
8487,38.4545703203951,916.8623388541348,Air,East,359.77763467164687,7.1737591698216,9.41369978283188,7.09495069873712,-2.318749084094761
7652,165.57690060104537,396.45816671719086,Rail,North,50.83083635044784,5.92184548105969,6.432239283607434,6.44237140613901,0.01013212253157647
3833,110.67690210506149,445.0940772584166,Road,South,95.97646494717172,5.388846718519086,5.506480425951733,5.637334527755928,0.13085410180419466
11209,98.80679000459064,335.3100124137483,Rail,South,20.0,6.59687495336814,6.401600507352729,6.357472061705126,-0.04412844564760299
5612,139.9915840365565,471.6656709531137,Air,Central,229.5466151788033,7.23869035767035,4.780436525357922,5.674992970416779,0.894556445058857
4536,132.1573586576023,244.3454318964584,Rail,East,28.628031149773967,12.53619789147875,8.692996177386968,8.585595820418712,-0.107400356968256
7363,146.16057622775375,599.4298610786184,Rail,Central,136.53527890807112,7.867593739852507,9.082876131610472,7.582964423351822,-1.4999117082586508
5225,63.55151802632289,231.4099167969549,Road,North,44.260942832756726,12.458848278740325,6.821391098129185,7.752059464789187,0.9306683666600017
265,97.2961815430081,173.85434936551167,Road,West,65.92163659593805,8.634419199345974,7.209629886365198,6.1634462403062695,-1.0461836460589282
833,41.885646127158765,608.140927989402,Road,North,132.4601821643855,8.937897303849752,7.486328551357308,7.487636201221905,0.0013076498645974155
8285,49.90755634467621,371.4510702158652,Air,Central,124.34069171238258,1.808326593089233,4.80124859891616,3.5086097184559115,-1.2926388804602489
2919,56.32420128785402,412.1243153140433,Road,South,96.83407156607524,7.85247196232956,4.854645809318977,6.4280099175755545,1.5733641082565777
11319,85.88992022566256,447.81465841962006,Road,Central,177.97782167208453,4.206441854751355,6.825820133135167,5.341005616168917,-1.4848145169662503
1285,145.59535755942397,516.5639581416244,Sea,East,20.0,8.154309280685053,8.416219860511205,9.045830196862816,0.629610336351611
10007,166.05909864065367,443.7457060334265,Sea,West,65.28528002145606,9.85295932333396,7.690521265826113,9.163922232335448,1.4734009665093355
11497,108.52686480201044,1271.972552840329,Road,South,346.1139606837918,7.761266775494031,7.559554103809937,8.610510091129818,1.050955987319881
4190,133.42245444163703,554.2961251273704,Road,West,197.7518001155164,9.683104985925478,6.566162394076542,7.513249515784306,0.9470871217077637
6341,71.04176033244518,737.2697663300501,Road,West,205.6720273147072,3.9028335032820376,6.863178884551817,5.956050042661552,-0.9071288418902652
10328,167.2633018632405,621.5717546288353,Road,East,164.04934431218996,4.985570053840468,8.669445637488263,6.320077483508765,-2.3493681539794977
11959,30.011655565578728,244.88308903270487,Road,Central,87.1058491688484,7.311864351046474,6.67972412298071,5.912304545655749,-0.7674195773249615
9471,56.6690419634393,903.860913651766,Road,West,226.67604191130167,5.778460047795881,7.532868804238168,7.04444670306458,-0.48842210117358853
9899,45.57144424444315,349.7930937192041,Road,North,100.92757683829508,5.710621836677084,5.932188779426818,5.690606561972868,-0.24158221745395014
5434,91.23712122863256,384.1502345743973,Road,East,77.81421789256869,8.410405619315235,7.159870060533808,6.919616254469165,-0.24025380606464264
11565,126.27410142985032,188.87512410674128,Rail,South,20.0,6.7213744907672455,8.29133375107319,6.024815052534526,-2.266518698538663
10857,26.67905136537169,901.1768888489074,Road,North,191.66650337322687,9.747459314057384,5.302672314938709,8.528250642540083,3.225578327601374
1396,90.2711337942498,1585.7733771245748,Road,East,365.9980547018744,8.256769453222539,10.58271887955641,9.962700621354601,-0.6200182582018083
259,89.22980598112558,149.89683274208383,Air,North,125.1569031696121,5.368067839216799,5.748162610346087,4.26634931479562,-1.4818132955504675
10323,143.85234339580074,409.42167193121,Rail,North,76.78969959193785,5.393159135963874,5.296342685834426,6.296300465661229,0.9999577798268033
1671,52.30998484391087,1090.327784761906,Road,Central,252.19432472286317,5.164883831807454,8.402525246672234,7.327589773807618,-1.0749354728646159
7923,104.55420953989218,331.7792702506433,Rail,North,55.52283396619253,8.03262526654512,8.529374599100304,7.029842352096273,-1.4995322470040309
6973,120.32072927889097,182.2703015320929,Rail,South,20.933355937323924,5.67894314151677,5.774267365079495,5.642420421377699,-0.13184694370179528
8263,208.4283240631128,265.98258423459964,Sea,North,27.99143317688881,8.453688431801245,9.070636074547137,8.303588675102876,-0.7670473994442606
756,143.77141479748423,669.0366927640454,Road,West,194.0883467774073,6.860163341855209,7.924562583197892,6.810229294265648,-1.1143332889322437
4754,250.65066574562928,315.8987541091663,Rail,Central,43.13376568663613,6.740896962055208,8.256623300360834,6.4370011753114245,-1.8196221250494098
8241,27.17350007824676,298.24407203449465,Air,West,113.96581884627469,5.466439765774076,3.651517134647897,4.590353380664054,0.9388362460161574
11537,245.5705996231874,269.2376464275126,Sea,East,20.0,9.796655226427156,8.283806835254115,8.97973893186791,0.6959320966137952
8382,82.63123806504858,222.83719255598268,Road,West,20.0,4.703816964491727,4.64881458732524,4.90130230986352,0.2524877225382802
9507,82.12222554299917,487.62658590476826,Rail,West,85.79960453903783,8.923332805302024,7.38976474176398,7.651658625843535,0.26189388407955505
4219,93.41290497281436,514.9743809640896,Air,South,242.6615276716693,6.32411294941725,4.359268521184884,5.37494743858643,1.0156789174015461
4890,220.8904040468485,292.12581864625776,Rail,South,37.87087149517655,4.368088826899305,3.89813789771048,5.448432441943732,1.5502945442332519
10235,223.4189392058656,631.139027935688,Rail,East,75.39885076013584,6.10120495824313,8.44712032937363,7.299449912300091,-1.14767041707354
10452,91.14454146719498,1008.1768761351018,Road,Central,164.49556488831934,8.277653637098954,8.922546359819895,8.195173018495268,-0.7273733413246273
8671,166.4849191974209,953.3124042086235,Road,North,268.5455827967647,7.473381457147553,8.39338159622778,7.851499853550105,-0.541881742677675
694,140.5250337793688,266.6453817921999,Rail,North,36.079932863597456,4.307894027159071,6.563429753292936,5.5462175681624615,-1.0172121851304743
10187,96.32863527330224,171.87282821245023,Road,Central,78.35162136896852,8.791812328213439,5.75025128370501,6.236110146149624,0.48585886244461385
8071,138.6049613919886,426.7927834417387,Road,South,119.32218845593172,4.465454130968775,4.820664069126987,5.265273803725822,0.4446097345988358
8176,143.03597324135566,479.7872125358954,Air,South,158.06411799629868,6.578310164718742,5.694448130141544,5.355512423426963,-0.3389357067145813
9878,153.42768320856732,105.7986294608744,Sea,West,20.0,7.439515441181803,7.756904851309223,7.451107977828882,-0.30579687348034046
3576,228.64346120566228,722.8669995479435,Road,North,199.81591265670784,7.609882703657037,5.863914748045028,7.294521621303236,1.430606873258208
6098,84.16017445412432,332.8948799402728,Road,North,102.44814640115187,5.81045106659961,6.433396720403632,5.677287354729544,-0.7561093656740878
9073,63.74699266283267,351.6186939100138,Road,East,100.8848199677329,8.031623882749624,4.569941755058784,6.710998969277491,2.1410572142187068
8882,38.76856416677207,270.2155189666791,Air,North,109.200433902843,7.971151497712545,5.645476768038931,5.492937651464715,-0.15253911657421604
7702,44.1399571390653,251.5417209178977,Road,West,52.60725757958387,8.349635962808641,5.860093590327025,6.266775885635386,0.40668229530836175
5731,153.17361168856303,268.47659292381945,Rail,South,20.51918095561595,5.2051547893702494,4.2224167458092685,5.690146972521511,1.4677302267122423
2009,220.291088545224,271.63157224292206,Sea,East,20.0,10.823974180154355,6.831446285764794,9.35083156003483,2.5193852742700367
6319,176.08923133623938,766.729485806467,Road,North,196.897361089423,6.142619411594145,7.210913116171763,6.8973644802939305,-0.3135486358778321
11542,69.9659740444846,156.5648774068694,Road,Central,27.25554943091397,4.95455568716664,5.465951336466566,4.844274397129175,-0.6216769393373909
5377,120.3263046462274,559.7320583350144,Road,South,118.65042356475186,10.532870646228911,7.652837449038626,7.739754499888645,0.086917050850019
11721,143.04726275219846,352.56961780579746,Road,Central,56.40679761746989,7.030905994624989,6.97964334736491,6.066377646200028,-0.9132657011648826
4115,68.44597677143338,198.63614582920252,Air,South,97.78831541653192,5.555578137628695,4.195340057977081,4.28319524659077,0.08785518861368935
6366,208.2416298819417,468.3517475688717,Sea,South,30.68492593559896,15.919057815576116,13.20177031091669,11.271894375627443,-1.929875935289246
10466,105.43193752680163,126.21513176780684,Air,East,23.96216622816044,7.534561947431463,4.429730336820523,5.153410974076624,0.7236806372561011
11520,82.56048164031235,369.7765146376309,Road,West,92.17934072508672,5.921294539742986,5.651581426140913,5.713452885152136,0.06187145901122282
7203,64.63507233462322,124.00325611920196,Road,North,27.352004156899596,11.318543391316007,7.751356347921741,7.075313833383237,-0.6760425145385041
3169,83.91051706285656,273.5714620749948,Air,South,162.61307816954042,5.069697467569632,4.105570719312659,4.30985647893261,0.20428575961995055
4826,69.83362696931779,508.4500386677502,Rail,West,50.19119711858516,9.058030848371509,7.914275024101991,7.748718073695683,-0.1655569504063079
6114,69.79943632357815,2139.010062669685,Road,South,448.7673722361095,13.499373564365602,12.850969102331762,12.853828128346521,0.0028590260147591806
3887,37.13470059517001,334.2259227719731,Road,West,81.08396047271772,6.867018357162408,5.19961485150775,5.960730099853042,0.7611152483452921
3946,173.3135020513911,427.74896545855376,Road,West,171.39431914903008,3.990016737492671,5.0125502235987005,5.179642867206894,0.16709264360819365
1237,98.26010260266644,119.44989587507636,Rail,East,20.0,11.625776827491128,9.643481070768036,7.951538922813826,-1.6919421479542107
2998,142.1915149234768,314.89749460975537,Rail,South,57.11842717827774,6.764186651122248,5.789257166523317,6.363315893251183,0.5740587267278663
7676,114.49999684195112,337.03906773017246,Rail,West,84.01975778257832,9.621891704954123,8.562077007973796,7.509352630791107,-1.052724377182689
2754,28.751901183927025,503.9089018106903,Road,Central,112.90141177204804,11.638894643917574,8.656850105275682,8.096649361257128,-0.5602007440185535
10837,59.10747641105255,771.6443125632942,Road,Central,195.0467991179497,7.322006863756008,7.531554769760191,7.266610988842877,-0.26494378091731363
8802,319.8535163745282,652.8037643270864,Road,East,152.53349080366445,9.591660886028436,10.273886240732809,7.995328973433756,-2.2785572672990533
7139,122.33192941697976,129.68336145844748,Air,North,31.353340195094557,2.8616004508401103,3.1100827493903216,3.3152316044087238,0.2051488550184022
11249,148.5699838382605,278.37022689841774,Road,Central,90.2060175580632,7.265750947753504,7.104374092537481,5.964273349864748,-1.1401007426727325
11384,221.91835675227964,612.0866484886172,Sea,South,100.8324613976124,9.762478687003648,10.150513726651942,9.480256948946309,-0.6702567777056334
1964,79.21020062400605,389.7307320198708,Air,East,139.90351157640396,7.14146400405827,4.283148228184819,5.705698796739394,1.4225505685545752
8507,100.9572470655968,654.5174870074137,Road,East,175.51059216802605,9.067164697010911,7.08357416001251,7.850665154517373,0.767090994504863
10827,24.66630494570339,453.71617861427626,Air,Central,197.3395648176012,2.2074022518852674,3.398063610339124,3.8722809451026565,0.47421733476353234
10721,83.07851191437463,794.9818981268496,Road,South,156.88920485666006,5.912338335407727,6.35581977656856,6.723989476627629,0.36816970005906935
819,93.31177690214994,667.7909405798133,Road,South,194.73005647338783,7.088230447236721,7.462093267612799,6.81795369326545,-0.6441395743473493
11365,87.85858743293718,492.31430376060734,Road,West,66.0685029205461,6.9554747432181685,7.357075343488647,6.384289177103879,-0.9727861663847683
11446,42.17188818930896,1109.056838352174,Road,Central,206.05861094387305,7.587465909258732,9.757400875543487,8.222116386141622,-1.5352844894018656
7748,192.4156767568944,444.3273774766184,Sea,South,44.399876931407405,7.751017481959907,8.523162781454136,8.342516473929301,-0.18064630752483524
2540,98.12029658100964,357.8130247021336,Road,West,81.41434857086985,10.554217300885016,7.956544418909228,7.308527452433944,-0.648016966475284
5721,114.40250471872912,260.5094141630671,Road,East,103.30275037286998,4.089575285705553,5.200914630563894,5.085845749121708,-0.11506888144218586
6085,33.979040578840376,267.39553346079714,Road,East,86.05731565964635,6.062131844817069,5.812044435528254,5.806430822617492,-0.005613612910761567
7549,104.54035734494497,751.354025688992,Air,West,336.4769781299283,9.890946555873596,6.971939753981447,7.319043997337726,0.347104243356279
1061,102.83386006497226,390.7030022088181,Road,Central,112.88817841192542,7.899886452950412,6.939899175753452,6.482918723250057,-0.45698045250339536
5924,63.16286300047752,191.6885151000278,Road,South,161.19709267095368,4.693443269224832,5.936015708039488,4.764599244798373,-1.1714164632411146
8283,111.8997193184331,202.2623066884728,Road,South,43.078475898857945,5.396270395419715,4.297414342141157,5.014670151952278,0.717255809811121
1254,187.29698548185743,291.67864654962784,Road,West,75.39161498612194,6.916332891375308,6.733500875189804,5.846996207725438,-0.886504667464366
952,143.96190389038605,894.1223868618578,Rail,North,128.27987147630222,11.04516902546824,9.399959639894623,9.524003294732038,0.12404365483741486
9133,118.64139464724111,196.7953772151737,Rail,South,43.70725783485248,10.166602877482696,7.129634813235085,7.261084867044256,0.1314500538091714
10099,94.318676493762,319.37505071723217,Road,North,132.98449191740698,4.115813358407702,5.54332293912017,5.049788259472166,-0.493534679648004
4792,117.12522980526916,580.0447701204644,Sea,North,46.53963998352371,9.239481906014433,8.906904445628335,9.394703290423816,0.4877988447954813
7856,84.8925987985605,436.6122996671961,Road,South,143.198120323293,11.620638583395056,8.182420035374408,7.8178957225385055,-0.36452431283590236
1118,129.06893471501414,159.83764637080188,Sea,South,20.0,8.863791058131579,7.700397600489087,8.01618971136443,0.31579211087534276
7452,54.299933572200224,420.0213409397216,Road,South,74.91313140342052,7.448886513636467,6.133744838153355,6.303332857245229,0.16958801909187393
9575,193.5920970814835,323.87677059698984,Rail,South,21.922867350516977,11.32739486605439,9.432325305560576,7.97838663429274,-1.4539386712678368
1954,274.645916280921,332.5378832146901,Sea,Central,63.16196867176839,10.19915747353368,8.889930606962153,9.007037304310948,0.11710669734879531
4058,61.9070352717687,896.315613650567,Road,Central,200.4726360108889,10.435776053331622,9.444918838961856,8.679089941720317,-0.7658288972415388
10428,118.68761327692938,320.657837903389,Road,North,105.2684463604638,3.4411123884780714,4.191007134705098,4.808240055754839,0.6172329210497409
4089,309.72686482009203,2085.682837388086,Sea,North,183.0313716727304,12.841398122412157,14.9479713206983,14.481651972283885,-0.4663193484144159
6681,103.68297097820556,1142.1815226860742,Rail,South,177.59834481121723,11.691875318195772,10.491241768685342,10.223032786190387,-0.2682089824949543
1718,53.3297421780782,532.5139610425708,Road,Central,83.13968977753052,8.190685435037226,7.38928903313817,6.948868275888223,-0.4404207572499468
4401,56.77330181251139,241.12734968057265,Air,East,89.13768317040126,7.136981472557257,4.254748196334082,5.322264033480693,1.0675158371466118
4238,25.876446095768834,583.6324437182916,Road,West,129.26665110473573,7.802141556679139,8.18208154699491,6.932395112530164,-1.2496864344647456
8645,86.96587468083447,103.51790465745272,Air,East,93.70161049503037,5.280944514405799,3.342778098505328,4.315780662766496,0.9730025642611682
10562,40.7975328386384,542.18243327458,Air,North,276.5366104378539,4.797210586247083,4.794998549460324,5.091916725265733,0.29691817580540913
2337,116.56429020931375,543.2944254810501,Sea,South,35.58990070134165,12.437271686068495,9.451427239178962,10.252168436714225,0.8007411975352632
3027,126.25841504225583,295.91896127621703,Rail,West,42.24514378006393,6.4378494064174685,7.068921769929271,6.277324565138111,-0.7915972047911604
8908,115.3276567768112,451.9824694906441,Road,East,93.61141901495266,6.811856606582143,6.669682913867312,6.52865322419977,-0.14102968966754226
3643,116.22111815614078,256.53275170639176,Road,East,20.0,8.00489414413826,7.702205823261067,6.440545353652845,-1.2616604696082216
2412,189.5618675911837,491.3286949423753,Rail,East,73.09748089768871,6.946691969828263,7.930365714746028,7.245880864498922,-0.6844848502471059
9564,105.7176663226386,283.95699513415195,Road,South,70.05478066555746,8.588182318852116,6.583703865223427,6.34972506916376,-0.23397879605966665
4442,30.757283934989104,422.0223014740288,Road,South,162.8575152047651,8.536691810170877,7.088360250728835,6.706974879878581,-0.3813853708502535
11773,78.97628464738803,678.7052667218176,Road,South,205.22986562773056,7.001856136251433,7.341239514416187,6.818936460801824,-0.5223030536143627
2714,102.60463145146022,278.90070515582937,Road,North,50.96225895863719,2.6596609336350827,3.2138296222298983,4.421846671014749,1.2080170487848507
1056,78.9040526662943,394.7170868409432,Road,West,20.0,10.01424086327263,6.099360652604532,7.206551347622064,1.1071906950175316
1146,196.88769803628844,433.3791856294534,Sea,West,75.73695507161642,9.766568126069098,10.411374786652882,9.104136347789922,-1.30723843886296
4453,162.0477789240798,171.4252606809243,Air,Central,63.5238534676818,6.397750188767266,4.994152468370796,4.588793865904803,-0.4053586024659932
3447,85.50674173929116,472.2144639633848,Road,West,103.59396101600122,5.978610163011022,7.714641360821199,5.995318583774047,-1.719322777047152
3658,100.6509682152288,465.31180912564383,Road,West,92.52478875628722,6.92723040513496,5.778423126470825,6.3075752649043615,0.5291521384335365
6244,131.98810657860187,267.95418063235104,Road,West,105.27036272494958,5.856005567951903,5.326858163661108,5.426145987249829,0.09928782358872112
3898,56.49349572985573,1697.6371738752414,Road,East,421.5669686756191,12.160817749899817,11.745847289938128,11.63305498613266,-0.11279230380546856
8,116.3584962011031,654.0804176397248,Road,West,131.11995946922218,9.959473675851966,7.93278334370449,7.857222166665442,-0.07556117703904874
7159,55.44232753868282,136.91438428455402,Road,East,22.307582752997074,5.069807169433018,5.8160000153949305,5.113376500260166,-0.7026235151347642
3449,101.63594789421796,899.2612099745677,Road,North,239.59846344832744,10.079672065835153,8.744685968269394,8.636029940301217,-0.10865602796817697
3680,69.08076162310452,244.5579443666403,Air,West,81.00237709043915,9.516209979574375,5.046784985636811,5.867202075844765,0.820417090207954
6380,105.87744980496537,227.73580341280848,Road,West,67.86382928687874,7.496615323849355,7.251527634196397,5.899344742623848,-1.3521828915725491
96,132.62374950857486,622.7021327563467,Road,East,180.87297455915663,6.157182557176498,6.019397697391972,6.742474798269664,0.723077100877692
1459,61.73396326308168,271.86227559001406,Road,West,112.95125378050056,10.266488573256323,7.73273448410368,6.998592346140137,-0.7341421379635422
1971,76.13023522008717,743.3251769670844,Road,Central,141.88672818034556,10.82194871593515,8.938538008832408,8.415384560159863,-0.5231534486725451
426,59.1439972684512,315.5450081868825,Road,East,103.92093606468946,4.785199282694013,5.73446346643078,5.478655183159441,-0.25580828327133887
2954,125.83730872653268,325.14506367985973,Rail,Central,20.160964176418283,6.717832069532731,4.293990675242128,6.467468283128431,2.173477607886303
3896,83.92577099924648,276.4394775657336,Rail,North,112.78064950867376,5.16512829568289,7.269998888352676,5.891845267883664,-1.3781536204690124
10671,60.95447743037128,276.42220157990903,Air,North,64.8284907171853,3.240153813649861,4.194481825137756,3.835328896334884,-0.35915292880287186
3773,172.0115817458604,463.7099108101447,Air,West,223.9576795101914,5.992857998475061,5.452458730163169,5.190684280843422,-0.2617744493197467
10580,194.38520446371191,157.23151123092296,Rail,South,87.06256549183446,6.307089494918248,5.592318983908804,5.7981931466591625,0.20587416275035864
10741,112.41089756923944,473.4496441032121,Road,West,140.7422232262425,6.388282233301672,5.2734528055917975,6.143875311094844,0.8704225055030461
5384,18.859552883040664,656.4477610496342,Road,West,146.33656032520622,8.996602333389655,8.254638843081663,7.541110125591112,-0.7135287174905507
10709,81.00930838602281,318.84031063666464,Road,North,72.34113553148592,5.5624697715866365,5.66288774244444,5.5505064267235715,-0.11238131572086818
5638,50.8472868648051,837.1376511850978,Road,North,182.31392995502745,10.120552788602016,7.055891190305683,8.49171633280551,1.4358251424998265
979,138.7849584669411,342.671766396764,Rail,East,42.98416886992606,9.213782867311542,9.820011338278237,7.6682900142624915,-2.151721324015745
5853,70.89180380990399,258.8700874145775,Road,Central,58.67861183876633,3.734414732944823,5.441363619197538,4.67969094234158,-0.7616726768559579
1042,138.52246386722015,301.003804083638,Sea,South,20.0,10.59065190681672,7.206066978597866,8.981114893320147,1.7750479147222809
7217,76.65443343213143,151.62827958101693,Road,West,71.94759045709267,6.580138173962012,8.642738132808415,5.3883579322596145,-3.2543802005488
10642,150.44917225394747,547.778982494541,Road,East,194.54725657843832,6.416049583411753,6.428298251284224,6.642302751552888,0.2140045002686639
10396,114.20716174972664,279.92595300582946,Air,East,53.028579960202265,3.892622251603485,4.686388072877817,4.266365538342745,-0.42002253453507166
3272,80.68955731243372,293.1617062059887,Road,West,44.16993956036829,7.053886592742543,4.775539682334779,5.910356763077624,1.1348170807428453
1965,145.07141373330995,419.124620301,Rail,East,88.07615144843848,7.46788392213629,8.021193673235263,7.254220283938946,-0.7669733892963171
2678,100.39902911846262,544.3191567726816,Road,North,136.27070874788802,8.117391490447687,7.375099176603679,7.028716286427777,-0.34638289017590207
3710,82.66978314674152,736.3799159380976,Road,North,145.15461186306518,6.75321896908083,9.245735237129388,7.041270218356412,-2.204465018772976
2894,134.22955699502862,597.8371547734563,Road,North,176.31690777116657,7.582364185875926,5.904648414802486,6.977396816147893,1.0727484013454074
6705,52.78482065795574,392.39600449534674,Road,Central,50.75840516356032,5.783252773175267,6.102512437206948,5.741340256915505,-0.36117218029144293
5743,93.99921348930292,541.6126674908194,Air,Central,192.55570241066096,5.332619236340316,4.997127538499372,5.184032139311831,0.18690460081245863
11681,136.62444653139207,508.2435221622098,Sea,South,70.54606446087745,7.539609713233817,9.34586662802153,8.442638917488214,-0.9032277105333169
582,73.06133023148756,528.6340622317844,Air,East,231.8207637636081,6.648585051924448,6.081983488629862,5.899615168671414,-0.1823683199584485
11799,136.3453365214356,660.7027219984118,Rail,South,159.08744853122963,4.784092909301564,6.44115239659632,6.561774762647579,0.12062236605125864
10229,94.24584093655152,137.27434899069695,Road,South,46.46556281321247,6.579260683082549,4.865736711797139,5.268509785151239,0.4027730733541004
3316,89.8330700250242,1325.159974920074,Road,East,303.97178999430287,12.031420303572489,8.90043073550212,10.618627381105412,1.7181966456032924
6858,49.91086753205781,210.1984717544929,Road,Central,96.55591842193502,7.262239579530798,5.896858218976427,5.8050672232860165,-0.0917909956904106
11820,34.56698175367372,195.03506639877756,Road,Central,82.7626818471067,7.640125243325924,7.48397882221983,5.899689117633528,-1.5842897045863014
7063,113.94081166808296,192.0654725048398,Road,West,25.868481462966983,6.256546591449927,7.348184144453583,5.365349885326838,-1.9828342591267454
3,105.34184665821034,473.2447131011431,Air,East,254.05919045654457,5.705669618580913,5.19477562169804,5.425570858381368,0.23079523668332858
5790,68.76463275810013,343.7277352737056,Air,South,139.88479227543775,3.2894729758852552,4.594163647313336,3.8611864351823586,-0.7329772121309777
410,125.85786714477103,952.8811637307388,Rail,South,124.55635139509144,9.12203553594868,8.307215541802206,8.827028644836163,0.5198131030339574
1732,159.58957984044335,2431.4922190190687,Sea,East,241.45665629292387,18.706131231353773,17.186806153476365,17.656176206834235,0.46937005335787063
9807,232.54465092918704,351.1614022184382,Road,West,48.786377073821726,4.830218935313588,6.291188493806165,5.254180297558781,-1.0370081962473838
8260,58.47121032007136,492.7581233089289,Air,North,210.6259262411831,4.946049142946468,4.678986848969415,5.006578493240721,0.3275916442713065
10341,102.3447879203051,195.23333195278545,Road,East,45.6470770583804,6.145772678487282,4.648405795657599,5.636523936561286,0.988118140903687
10844,131.64975930493677,288.79120046369667,Air,North,87.73106546589513,7.009441852046013,5.35170960628888,5.185256219193127,-0.1664533870957534
6025,133.44240172712125,245.09374307392392,Air,South,112.8078307494342,5.778976412725808,4.401652229136989,4.47250026964968,0.07084804051269078
263,98.65804440866678,159.40537222689952,Road,East,31.70773032732579,5.872982561628057,4.380816248560152,5.4480277692452255,1.0672115206850732
5098,48.62614234322546,635.6935515887501,Road,East,199.3770702430773,8.076746304260606,5.981638601174229,7.465569260584414,1.483930659410185
439,95.36800092449812,338.77906674641804,Road,North,22.54015258287209,5.348095308288437,5.178923580270573,5.516615723657157,0.33769214338658404
11704,253.70071852803804,104.71328738875704,Sea,North,57.533050601565456,8.689059399819822,7.4768971857416675,7.973790847024935,0.4968936612832673
11727,71.00960135359512,644.2067174698154,Road,West,157.12790484497128,7.608348358854921,7.77101591374531,7.015630090927943,-0.7553858228173667
4541,52.46298814373896,769.0689391010619,Road,East,228.4982802581788,7.276918829439652,8.09739270552177,7.527063282472012,-0.570329423049758
5787,182.73603867910936,144.70610915222952,Rail,Central,20.0,5.9571548394352565,4.883794206161186,5.732685355881211,0.8488911497200249
1107,154.0456964908771,292.047158619377,Sea,West,20.0,5.332254921973447,8.008566440556454,7.183587716438626,-0.8249787241178277
11403,97.72317345468952,227.53337112932851,Air,East,108.62258915181116,3.655705631799006,4.443527985991462,4.060147696504926,-0.3833802894865359
5888,146.6564653372325,375.52653642212266,Air,Central,145.1398576352071,5.351944280436475,3.211655105748344,4.753953439540104,1.5422983337917602
6784,58.46956254883852,164.2688036663473,Air,West,20.0,6.5528372255883856,4.918581028215749,4.61371357693864,-0.3048674512771097
88,149.29848289709065,763.0473477072661,Rail,Central,113.08054805120842,10.934707598684833,9.03492537896256,9.073916344723195,0.03899096576063421
2973,52.07874563326127,351.0613680666968,Road,West,20.0,4.007778384947122,4.671719318119714,4.987099529242885,0.3153802111231707
5129,165.71948132782904,330.88249023715343,Air,Central,117.99157237988582,2.9468759402134586,3.965297202167705,3.7879263020963165,-0.17737090007138834
7960,154.36276913725362,369.4903707160917,Road,Central,122.93707194594376,2.3706672373185214,4.353896470018143,4.478301538021535,0.12440506800339168
2124,166.47089362300372,352.5311367103856,Rail,Central,68.14137287545364,7.66767354890411,8.321037929965039,6.872025426668328,-1.4490125032967107
3574,112.51236627132911,503.75932836509935,Road,Central,150.99311845560976,7.649460324794581,5.537285385307589,6.686375278162258,1.1490898928546684
7877,89.04663218459,488.8067228019708,Road,South,102.47857187159848,2.1822599807107315,4.651342778831857,4.624905175748171,-0.02643760308368659
274,234.111870760836,322.2133059326299,Road,East,67.62511928566845,8.355178739556488,5.989527214039534,6.720236041802984,0.7307088277634497
1281,129.47838298729582,386.5941885933042,Road,West,73.42547423331789,9.202542607903588,6.3480378299597,6.900615938396343,0.5525781084366432
3752,42.26364791562211,182.56464099395683,Road,South,57.23990113024447,5.718065584264991,5.330831757284698,5.089994737780752,-0.24083701950394598
2075,75.91211240841474,379.7439529785866,Rail,Central,44.375687083759125,11.333848599209272,8.122501784947362,8.240480888320334,0.11797910337297246
11738,37.415391009991474,583.7544879107697,Road,West,140.0505615536871,4.585815194528827,4.669470812813024,5.801420020583895,1.1319492077708713
7824,24.374380438907,113.73556414080072,Road,East,66.77717000172336,9.386330588851605,6.9449241643509785,6.583377921796448,-0.36154624255453083
10924,101.82243147473444,149.66549654305604,Road,West,110.22239660774338,9.751834059094628,6.861772299691682,6.5005538105969105,-0.36121848909477183
6435,42.4054104947054,1054.212201937744,Road,East,223.284231608484,8.9058884129618,8.146775323188143,8.825840723489955,0.6790654003018126
3315,43.57815089647794,113.78078519134004,Air,West,20.0,0.0188052234342732,2.292856278894079,2.189595716786868,-0.10326056210721113
6109,28.811170122501142,318.72895976055963,Road,Central,25.9610229512323,6.672696623368887,6.469976214383694,5.866784672164753,-0.6031915422189407
8374,120.51747423675626,225.07544479998677,Road,East,60.00360448648782,8.650058454001778,7.08819629751031,6.59250716697215,-0.49568913053815944
6193,30.483156905579108,409.3087719447008,Road,Central,125.71682899947322,8.945318247381923,9.548222654017144,6.910354198837602,-2.6378684551795413
10987,84.87223133030938,449.67958895702526,Road,North,95.52264013674665,6.17867672593087,5.380974332428171,6.102695556431335,0.7217212240031641
4438,286.5137346442019,186.53095665162573,Rail,Central,88.38792027522199,6.597975349766737,4.654146904442921,6.058916049040857,1.4047691445979353
415,38.33704129481932,838.071791438933,Road,East,168.49921375605365,5.859297975984656,7.387795461378395,7.197520528325947,-0.19027493305244736
7411,93.99025362019732,77.34037546888138,Road,East,21.785646000891745,12.224398778010494,7.623122218878104,7.472280323202887,-0.15084189567521644
2216,69.97248872501827,312.8760225840828,Road,Central,80.76813238755285,9.57506854452636,6.99504225401796,6.874376783574838,-0.12066547044312248
11428,98.33058767355114,488.1826151716318,Road,North,137.9041205363079,4.852205565451604,5.097144955452609,5.73817935388674,0.6410343984341313
10847,30.172287977633555,645.2218575256707,Road,Central,179.65918070462675,9.093586636072322,6.0836476063251785,7.570192389619595,1.4865447832944163
2127,33.00761556616049,480.28832470528994,Road,North,120.98094976981966,6.347626086270239,6.797332386702133,6.251202430419997,-0.5461299562821367
6347,127.30269065424255,134.43763413510914,Air,Central,59.89775316789655,-1.0554158277116006,2.252396961730469,1.8781660167156646,-0.3742309450148045
4315,110.63280783158486,239.3226822728396,Road,North,54.42054272999371,5.570628651224548,4.248949645023408,5.344244592315991,1.095294947292583
11076,58.08309995588467,805.950679630646,Road,South,176.04008479547932,11.76729675855712,10.628287884160512,8.817374553982312,-1.8109133301782006
7187,268.2824552652223,1300.5339991947085,Road,South,328.6268919576446,12.50967611373235,10.04985379348725,10.32711729835184,0.2772635048645906
710,78.43457068640825,478.22618354739126,Road,West,136.66263928494442,8.375518458738345,6.711887192838302,6.859310133012855,0.14742294017455304
7402,113.33533408498022,348.31316740695974,Road,East,65.44569195266543,2.9094403914870397,4.6549453675213615,4.888872865044524,0.23392749752316266
3411,196.93384605664727,139.51325763039267,Road,North,20.0,2.83835825719369,3.989131228282292,4.111937429365912,0.12280620108361973
5467,128.86213941875425,679.8759006484285,Road,Central,152.25405654805854,11.619024718260324,7.722864869970272,8.528071504953436,0.8052066349831639
407,209.235982292582,1392.411935924113,Road,North,358.73711240882864,12.327649286055632,11.894290738768309,10.681929848100506,-1.212360890667803
3059,49.00085255266723,404.7819685006957,Road,Central,128.15170745831688,2.372382618125849,4.210696208634209,4.58487939399593,0.374183185361721
9870,81.08584726591864,244.15820627752703,Rail,South,65.64752457508126,9.774768564233431,7.849047419161028,7.252378314126519,-0.5966691050345094
8936,113.52013610284222,327.07508012035026,Road,North,75.97407508183797,8.586540325401689,5.448212155754487,6.630703699728682,1.1824915439741943
6760,159.7228866474684,1884.548528259256,Road,South,482.3218600851736,13.634014293453577,10.90421381818983,12.24561509349589,1.34140127530606
4597,156.9976516687783,126.95690375633713,Rail,South,20.0,7.454503893052663,6.834874831313691,6.120662899645663,-0.7142119316680278
4412,105.55577081490696,178.40034864464218,Rail,West,22.33763138382185,5.667216769759954,4.4506042909446215,5.707643636228871,1.2570393452842499
3852,112.82650531334852,943.5330944209804,Road,West,244.3082717894632,10.097569604688683,7.371463861654536,8.658557787935447,1.2870939262809111
8161,314.17094919776207,591.3235816821852,Sea,North,88.608280858851,12.895676900363853,9.48129737983753,10.686253054711381,1.204955674873851
11768,27.755573599929384,952.2079753811936,Air,North,395.2307050287477,5.642326053103671,6.002635935829997,6.450715649111071,0.4480797132810741
5880,99.42305972719892,420.56792915257216,Road,North,163.47190119605517,5.85394404578364,6.177994084818432,5.92200218356632,-0.2559919012521119
3207,82.37445170697566,621.6426719255111,Air,West,242.5789776667108,2.7671465717150343,3.3454189531050496,4.473726466800638,1.1283075136955887
2655,163.5524948322484,362.9138188657346,Air,South,132.02082649301738,6.411183894804529,5.3790423708705,4.992785008087025,-0.3862573627834749
5239,185.6777577045203,197.17604920990172,Sea,South,20.0,11.473419063356008,7.938693062685479,9.020591403254016,1.0818983405685376
1983,5.0,511.53444065883457,Road,East,105.12835050789222,4.120004413600157,5.973180674893551,5.751274919726352,-0.22190575516719857
7839,114.2811724204506,333.764879584653,Air,Central,168.49672660947363,5.666213216759916,4.307052211985163,4.76635514640291,0.45930293441774683
3870,89.29294167824682,456.0198443875879,Road,South,115.14734434836596,4.341994075089754,4.319463857176836,5.30283378892092,0.9833699317440843
8273,154.02826096288044,423.4147797588843,Sea,East,69.39065374705696,11.918394174187773,10.713424463636738,10.138501150658488,-0.5749233129782496
7401,65.42158715015589,646.8480256939004,Road,West,175.32425255405482,6.0895541680962095,8.164782633380621,6.49162737936575,-1.6731552540148718
1523,126.04769650793877,226.9886234566777,Air,North,70.58538030485023,4.404991573964733,3.353338606748077,4.110522278963345,0.7571836722152683
11554,121.51730212545026,754.717804101319,Road,West,200.00934831775987,9.194606655086424,7.014104836678815,7.853226212781589,0.8391213761027743
9080,212.94408768873032,215.9695818866085,Sea,South,20.0,9.019067140926154,8.31279324541535,8.201226717460246,-0.11156652795510347
5676,85.853365512582,158.9272031972662,Rail,East,32.123495816275046,3.317629641394288,4.535752200582257,5.133653006312119,0.5979008057298616
1110,122.96017476419006,315.07804176558375,Road,Central,74.7709430689138,6.24713589328688,5.923183092088509,5.700960468199007,-0.2222226238895022
10070,164.82931488997906,549.1691826183779,Road,Central,153.82184347770036,6.815021226663061,4.437306400986312,6.501118146322933,2.063811745336621
1406,102.08543211095788,118.90489485395716,Rail,Central,102.91799939448,3.505746634467087,4.719503786639021,4.828615536124394,0.10911174948537283
8235,52.07472068874939,489.5110408899823,Road,East,95.57098548266318,5.00167995759581,5.165689478851799,5.997058204517808,0.8313687256660094
3038,81.22862245859241,103.097212396422,Air,North,112.9187266736037,5.326413016400101,4.364027935632729,4.132113178477793,-0.2319147571549358
9407,132.81400045451932,408.9172894725269,Rail,East,20.0,9.946292720282068,7.440450073259017,8.091975521975968,0.6515254487169511
11888,81.32413079885542,87.51496956506472,Rail,East,27.504197500669903,6.595164948086238,6.792430698208217,6.10470117497573,-0.6877295232324867
3912,95.93191259445058,1044.3951249830966,Air,North,417.662732454198,9.72289745879247,8.859261936528398,8.113408558591043,-0.7458533779373546
8268,129.99709350577692,346.3609592924387,Road,West,60.6716916294091,6.775060938152233,5.045760433926895,5.9426994925962635,0.8969390586693686
4560,127.16162730300516,386.9948686009236,Road,West,116.0664247960122,1.1871551272062373,4.479727622294951,4.089177144412669,-0.39055047788228237
6086,63.26632015341714,377.93282599141634,Road,West,124.7455741212804,4.6545763888428215,6.325463919997201,5.296187858206389,-1.0292760617908119
10653,70.68079640802954,229.06154365772147,Air,East,126.10843128192636,5.759130109295438,4.441006953395705,4.810237159629938,0.3692302062342323
10838,116.75916600896748,194.8163615564773,Rail,West,47.92857416121757,5.557010976097604,5.774906795714542,5.71263520545314,-0.0622715902614015
11579,118.66960895119904,555.5373111193281,Road,Central,138.7696745237617,7.901238067801917,6.919353424288391,6.903953936275068,-0.01539948801332347
11049,127.4337713844816,1331.1685910203228,Sea,North,137.72354409059054,13.573674451535814,15.910980585081395,12.84066413679086,-3.0703164482905354
4898,190.1349678130157,364.4399826525465,Sea,North,26.81704899415522,12.060336536869537,10.360286220668062,9.824897241358833,-0.5353889793092286
11744,104.67019215179096,1677.5416748668983,Road,Central,369.25491950630186,9.68547173255336,10.960830826847245,10.419764320582232,-0.5410665062650128
633,73.56158562783361,748.7526000710482,Road,East,164.67678946630826,10.243108799559923,6.426056474282631,8.506359721799242,2.0803032475166114
11135,83.99566393655384,191.10090150388015,Road,North,64.95381211868707,4.843089423314035,6.681300853092083,4.971160769905827,-1.710140083186256
8933,142.6261799563511,1122.3303148954567,Rail,West,207.10853279849644,11.475980569914515,9.795464118018645,10.17192504257974,0.3764609245610959
4122,76.20522150865271,1843.9065380069896,Road,West,376.589305200974,10.447479161593073,10.374609446026748,11.095629926566208,0.72102048053946
4807,209.49589698023175,405.69713022306433,Sea,Central,20.0,6.160822521841292,8.744361836729233,7.7763003170083405,-0.9680615197208926
6211,100.42552489017834,581.9985049222793,Road,North,117.25837429343588,5.373648671058311,6.347164196184293,6.1569000691516145,-0.1902641270326786
7928,192.46650603808263,115.16859895401517,Sea,West,99.64582808584598,9.51864063731737,9.315249529815135,8.211743770988429,-1.1035057588267065
131,51.67092133565989,931.71084291901,Road,South,182.03623833419115,13.092813552281449,11.508029835226308,9.605159572297982,-1.9028702629283263
10695,48.33664770710861,187.8445474888816,Air,Central,74.92507363609597,8.710458997995275,5.235996295581836,5.462221629031705,0.22622533344986895
455,105.953606480909,167.62023359913445,Road,East,62.97389700780427,8.340132041283821,5.441567568917182,6.339957109480011,0.898389540562829
7525,77.09689651108083,428.2646243063608,Rail,West,129.90561064652746,8.100515806053249,6.075884486792506,7.218344964284171,1.1424604774916647
9441,37.06874776373976,105.6523531389472,Road,North,20.0,8.325399841186982,5.733456283605968,5.97900980970209,0.24555352609612147
9388,83.61982681380798,807.9148609131082,Road,East,244.30814601885209,11.3829919553771,8.69818425125935,9.067565190777792,0.3693809395184413
10877,183.6309466903012,1058.2251192379092,Rail,East,197.61982142864812,12.631595991310707,11.06488283805392,10.70548244409931,-0.3594003939546102
774,68.24820472148315,1209.2217099810775,Road,West,274.04525295689984,9.04296540222429,9.145313691120874,8.974144447081354,-0.17116924403952005
5035,185.63247072218232,182.9180272945308,Air,South,117.71411644083798,2.075055327528675,2.9071496172667217,3.004803939548042,0.0976543222813202
311,144.78118650992786,139.39092657006486,Rail,North,26.155096600175067,6.743858165694087,5.320612446960253,6.077237658992865,0.7566252120326116
5165,130.7203914741172,299.3872298389977,Sea,Central,52.54007937052615,6.703141147466972,8.393274781010877,7.712872996139418,-0.6804017848714592
3595,38.2975221889921,886.0326621180948,Road,West,185.09967648423677,11.427682318623742,10.083995775798744,8.982616015480257,-1.101379760318487
3838,251.71959658138545,102.23807853356688,Sea,Central,20.0,8.243612041386346,7.257916728699217,7.730836336906269,0.4729196082070519
3693,133.725111680095,258.3513409699049,Road,South,73.45777963710917,4.157600924798439,4.352560191890691,4.722816587622554,0.37025639573186275
2069,73.05017003140699,308.419056932304,Road,South,20.0,3.80114713530602,5.763781612345924,4.726084273804872,-1.0376973385410517
469,94.5706188811957,340.09736069920706,Rail,Central,41.31518458170798,7.2548900428313186,8.124008500449479,6.701976420788082,-1.4220320796613972
3846,82.60716558476396,897.7798359997839,Rail,Central,139.12191431327275,12.38014950616042,8.184846254520863,9.938407507961603,1.7535612534407399
1350,198.32144992917443,87.66663592907487,Sea,Central,20.0,9.028469735796389,7.976635854086869,7.977645183375561,0.001009329288692129
8655,77.79998238344348,211.14547555929084,Air,East,90.15916745884894,8.406906284503275,6.154605523490989,5.689682762802974,-0.4649227606880153
4395,49.42457927751233,339.0628879883138,Road,Central,33.621446530183285,8.711303995969082,4.716865162470104,6.63350327538571,1.9166381129156056
6956,218.1869068281224,144.74010315602592,Road,East,37.7316583146568,7.353791853212644,5.048152825060965,5.9148043660754235,0.8666515410144582
10946,95.68872645876054,662.5706319918822,Rail,North,162.2301445813357,9.210817754911732,7.947252098768387,8.301952647675844,0.3547005489074566
247,139.28406103737407,357.47130667557406,Road,Central,85.85621647402931,10.227743270417854,6.921869852827568,7.207865646025548,0.28599579319797996
993,159.3038737310581,673.0945742869386,Road,East,144.45504623385875,12.98647000700776,8.498075019254921,9.263264390262021,0.7651893710071
736,117.5507941031726,1027.6411513339335,Road,South,228.2748189253845,9.244477861642556,8.13571666148746,8.492640930114998,0.35692426862753734
10527,101.47769240435989,394.7829836084475,Rail,North,85.66502498044198,6.064577138239802,5.238147011215702,6.502688657436377,1.2645416462206756
2952,66.09316817053379,1035.9512376386683,Air,West,446.18386360915474,6.169418344801185,7.142480092854565,6.755301384461699,-0.3871787083928657
3349,97.10852636424272,821.5265285806029,Rail,South,89.52141445228091,11.22476810905236,7.642896045035933,9.23170052145844,1.5888044764225064
4989,211.4959111948173,377.1275445872259,Sea,West,45.93149598684181,11.883921828980789,8.274422711179458,9.699323544410355,1.4249008332308968
3705,60.0757648045037,437.3171235119121,Road,Central,89.1942580167338,3.56834468625996,4.849473761745617,5.081042049754941,0.23156828800932328
9582,89.75028619359314,400.1485866374383,Road,North,76.99372318259451,6.1544963037284015,3.692115484240662,5.964869926429111,2.2727544421884494
563,167.36152374693197,820.3683078455393,Sea,North,104.33193585692652,11.318291742133578,10.98747536967129,10.737818533604447,-0.24965683606684408
1722,60.032678674810455,268.1628597951702,Road,South,20.0,6.111767400488368,6.697030221081378,5.438224796139494,-1.258805424941884
4779,130.32461188438117,512.1366062028507,Road,South,54.8690580506882,9.56111929982267,7.695374207391834,7.2664061443759955,-0.4289680630158381
3000,137.94207170544072,412.8177460554518,Road,West,47.144808021220896,5.316106270216201,6.318257870505429,5.595524887036861,-0.7227329834685676
5253,182.97300145425163,364.4001640541917,Road,North,20.263827964751695,8.380343103021323,7.181738175455213,6.6349683836742095,-0.5467697917810037
1576,29.501751790702883,430.1568597439186,Road,North,85.5446616918819,3.998198532846597,6.050086728685127,5.292922648270254,-0.7571640804148725
73,193.85655942558571,964.556693888964,Sea,Central,98.07538279150695,13.476529623878978,12.471473371731555,11.783796188317943,-0.6876771834136122
10907,227.99677316026705,517.8426117680001,Sea,South,88.28818988849542,10.050730509286542,9.538950673607276,9.339272877226723,-0.19967779638055383
2238,113.44146699560616,249.34359505664133,Road,North,140.16841191746548,8.251350795308898,7.53094355916102,6.324299604640005,-1.2066439545210157
3523,75.98210636887457,726.1949493283292,Air,North,359.11492124317937,8.149834113112066,6.831730947043267,6.745546391959503,-0.0861845550837641
5664,157.0569490555526,363.5805664420658,Rail,West,128.97237469556003,4.6522464525643255,5.519919666207383,5.829265812962857,0.3093461467554741
2884,118.23952563868576,361.80366527236464,Road,North,75.02364700303744,7.737061828096334,6.089760752592484,6.419447867941221,0.3296871153487366
6851,120.33890999821897,115.17463097854927,Road,Central,20.0,6.414445425129591,6.775576749625031,5.243996343211922,-1.5315804064131093
6501,50.99078932618385,464.45237245370447,Road,North,136.6893363782733,11.60112564812173,8.045534025014426,8.05809134744565,0.012557322431224094
5890,111.62138537225262,182.68245466075308,Road,West,64.42340755216526,6.416911020466131,3.367279947454504,5.403719667481793,2.036439720027289
8446,60.71533453979009,271.4424394390064,Road,East,60.53011122797114,9.001493145412349,8.70248474127948,6.842880053933557,-1.8596046873459233
79,146.06958746179816,595.1460431212977,Air,North,262.3738443463892,6.782453594493427,7.176525787169647,5.907302427882239,-1.269223359287408
6427,52.78069084882807,128.04088367495183,Road,West,20.0,7.669301611313222,7.440686119133952,5.7075168249636175,-1.7331692941703345
10434,88.16945240825089,293.7557792964596,Road,Central,78.04942083025993,3.119740840143601,4.117247714385371,4.5524621071542715,0.4352143927689003
2154,52.64213562409075,292.1013417195446,Air,North,130.0266546224777,1.9365114152699352,4.0956455924396575,3.4272464842520174,-0.6683991081876401
796,43.965596516309,199.79833636333333,Air,Central,83.94433179927987,7.163518374234595,4.601155120200856,4.950516819158489,0.34936169895763314
8552,162.04697990246063,467.84834220560185,Road,West,107.5302040766034,11.177961039550182,8.594869416717312,7.802053171431109,-0.7928162452862031
7080,43.65663621558217,157.32270122057338,Road,South,56.89979648552358,4.629134168499129,4.151561031240378,4.642589058070714,0.4910280268303353
3090,85.01665341509423,198.46999273687635,Road,East,82.6251928501062,7.463735638578015,7.565317915686065,6.116075394935062,-1.4492425207510031
10605,128.56239100042632,344.5936182574539,Sea,North,20.0,8.886764326843192,6.694382147414569,8.666408766321995,1.9720266189074263
2519,72.35483816478173,424.0782109874218,Road,West,112.35748205015202,6.496329614989411,5.497219118403049,6.058154984304317,0.5609358659012678
11603,66.36409826448529,522.3969926645283,Air,Central,199.30981920927616,9.85031219062676,6.317817522214832,6.728981570096597,0.41116404788176464
5692,225.72936177409764,392.13000847123647,Sea,West,20.0,13.952597240939149,10.519357114714364,10.459208392077734,-0.060148722636629515
7211,129.8244149224277,118.55594624174776,Rail,North,42.76405353864049,5.061831494013942,4.21596760735966,5.437275406345467,1.2213077989858068
9856,103.24925742010412,142.47796089395268,Road,North,57.13312116728662,4.202085076635897,5.815236827590379,4.618131935918184,-1.1971048916721951
2715,198.34233719147855,324.12573635957085,Road,South,67.59098051785806,8.5512990838628,6.039426233602447,6.4249495790280395,0.3855233454255922
5227,26.66720359816543,188.0105109697153,Air,Central,78.10132202731033,3.642401474922529,2.8222998265026176,3.683930980496383,0.8616311539937653
7785,119.84453574184091,174.78816478687932,Road,East,20.0,5.019449441959825,5.078023685625131,5.182194512988758,0.10417082736362726
10480,160.5030867439682,701.3081426601121,Rail,South,84.71078724622186,12.44503912653984,8.80077442879923,9.345116156617287,0.5443417278180576
6067,146.06163033942363,1257.1243694792374,Rail,South,186.4022720047579,12.150425459774516,10.856296823930215,10.671642226306277,-0.184654597623938
333,260.4907093914738,217.5521665123545,Sea,North,60.99959905666101,7.227241530425552,7.359082414082869,7.7461571480629114,0.3870747339800422
4411,89.40449195043695,286.9201844605212,Rail,North,20.0,7.7298009211948,7.28049588264563,6.806424671089443,-0.47407121155618626
10202,39.621496284298125,428.658488904321,Road,South,89.62982999964248,6.648413914541877,6.570978616409959,6.0480395729909375,-0.5229390434190213
8417,132.6325574530617,137.41180767191454,Sea,East,20.0,5.30134850470142,9.953343002244347,7.080156463417281,-2.873186538827066
10110,15.060179558363776,176.12564273012003,Road,South,86.77838382726408,5.689918666309902,3.636344333071996,5.071926506251617,1.435582173179621
1084,77.58186404517045,251.6159884321995,Road,Central,48.92489957377544,5.562012931574896,5.873478437597383,5.30160486309841,-0.5718735744989729
5980,91.6365301588207,286.91849943886496,Road,West,39.93333372416205,7.221292060603409,5.015170724476414,5.951140956846951,0.9359702323705363
1472,144.3878188861295,689.8520352088542,Road,Central,154.45926956863497,5.8141495023182825,7.072586102514009,6.5100003905792825,-0.5625857119347266
450,60.69563074932952,390.8950202850807,Air,West,127.16778954218188,2.27196105679261,5.145320128509177,3.699491437566758,-1.4458286909424194
1851,98.92719983554068,209.29640389208544,Rail,Central,40.09833489141377,4.696542268262975,6.265683834394709,5.468789427801571,-0.7968944065931378
10186,90.25222546680268,1002.0458935138836,Road,Central,321.7935723487988,8.405183054864752,7.995692771691641,8.246976729974918,0.25128395828327665
3746,97.73316416697976,226.81704771076585,Rail,West,38.37632981550789,6.4763198146049765,5.155947824676135,6.118757020730983,0.9628091960548479
10419,38.02558532605898,543.8404456932014,Road,East,177.5133603525897,5.821046249662348,7.464868372674365,6.437123858094214,-1.0277445145801511
3323,72.62123607068098,566.0210177228115,Air,East,203.64352373948145,7.18393808136268,7.030259759360766,6.179019739290855,-0.8512400200699117
293,100.63880190565958,279.68583128046004,Road,South,67.21725331923389,4.5628311468715,3.813168658219293,4.923557669198008,1.110389010978715
1250,139.6183644535019,568.3351699429229,Rail,West,73.92790857593755,8.909890992475983,7.8991913808080385,7.8420464278308355,-0.05714495297720301
1145,104.09195704098428,208.4595458327601,Rail,Central,35.17208200125506,9.78329978196126,8.269347304132557,7.254125838473496,-1.015221465659061
2455,40.06749132119598,476.8104920880373,Road,North,108.2113026303462,6.468955798381996,6.6427242563378925,6.282170476158052,-0.3605537801798402
6178,165.0693466678685,686.530021113525,Rail,North,29.31730271842683,7.31565638433084,7.474305786063643,7.6672559853816935,0.19295019931805069
3519,120.5165701811032,606.1006101589824,Rail,North,133.29413437206523,8.05114837198537,7.481864859646947,7.74273404074918,0.26086918110223234
7017,31.849504862719247,296.3652542868884,Road,North,84.73174603151332,3.636604649707812,6.152723517756179,4.825043382354847,-1.327680135401332
1953,100.8137327219924,1066.773746634193,Air,West,334.34116284167754,3.665271800686331,6.293600981546204,5.931983701814213,-0.3616172797319912
10400,98.01473064569616,222.66142399959705,Road,North,75.93273551034913,1.2355802357025156,2.5226175970892517,3.782229560058026,1.259611962968774
11508,96.75329748516356,603.2078440550165,Road,South,151.29717993889545,9.017090181034083,6.816127446637707,7.325361365655793,0.5092339190180857
8317,88.62991099842766,219.2779684422668,Rail,West,45.11850657981348,7.402491331346601,6.875402769763396,6.427600853977404,-0.44780191578599204
6391,199.521332911343,179.81986234171907,Sea,South,53.41850791036802,8.501992325408114,8.212359543024744,7.934180347963337,-0.27817919506140765
10556,118.49781874830563,409.0467765448534,Road,North,135.9211426456345,8.55056625216303,7.850942451985129,6.834329599340514,-1.0166128526446148
852,25.64659260458291,493.5668498924089,Air,North,148.3745720328802,6.975865639635099,4.679587750174937,5.718438732528594,1.0388509823536571
1494,145.11206517972727,1315.9184190279786,Rail,West,238.49766904137476,15.333739617946646,12.727573442839176,12.025064061615332,-0.7025093812238445
2859,57.28336234615135,822.6649094358834,Air,North,345.5854093081743,10.066741443152344,6.775896764363482,7.665846702789674,0.8899499384261915
4345,154.4147477242071,516.792741187258,Road,South,111.41526092322928,8.453865376363943,7.428640160918722,6.893363603560236,-0.5352765573584852
7414,44.95611245298759,204.01328381181375,Road,East,51.18690663358311,10.897860284875769,6.769339798436397,7.339301361778876,0.5699615633424786
10519,63.58714183384498,337.0231084762314,Air,West,132.1846783120348,7.55084409289126,6.342296545760542,5.419269868947534,-0.9230266768130075
1805,40.30327289289025,132.74012112026904,Road,West,48.831490030662806,5.442934782201686,5.245651040542889,4.942434239930439,-0.30321680061245004
8530,171.14187969535013,334.4495570712938,Road,Central,65.81736949072688,3.657914109807826,3.910332606889571,4.831285521536762,0.9209529146471906
6739,77.04327417888021,198.79144076490823,Road,Central,20.0,3.964427858192896,3.4124601559019454,4.6013781972673025,1.188918041365357
10379,64.91960770035882,533.9260342103978,Air,West,293.94089148936337,6.687147998713848,5.986014139584989,5.639130666257256,-0.3468834733277326
7087,70.84607897510857,81.21165525979895,Air,West,40.19219295996256,6.560175375031802,5.887331201363885,4.4061264971940455,-1.4812047041698397
10834,48.514135446707215,299.1410183620727,Road,East,70.17030020760579,9.28239578434886,8.842060289980274,7.015276640973187,-1.826783649007088
188,167.24940035795845,392.731058438009,Road,East,48.75423668560229,5.9450374120551785,6.998122078235845,6.059102166801007,-0.9390199114348379
1123,80.4541691312273,2264.17247336143,Road,Central,584.6995043128956,16.942231036730035,13.864076422628903,14.497990645620142,0.6339142229912387
11362,47.80019438080786,348.8640768206308,Road,West,112.18218404563792,7.314906663744919,5.712387032785145,6.158336245416849,0.44594921263170395
11928,99.28512365458586,460.2135391366284,Road,East,153.01196317719769,6.383846601338141,5.90582257391775,6.40988372088357,0.50406114696582
6586,159.49008800777958,295.89826671047183,Rail,East,69.47442087222875,7.159873173509642,7.2211323810251375,6.827745982247121,-0.3933863987780164
11991,74.984941307347,484.6673524189894,Road,North,137.46771295989433,5.963051851163836,6.238416183057621,6.1232728512543755,-0.1151433318032451
9405,214.83547926297115,195.46816327243,Sea,South,51.73608741171205,9.563912706186173,7.387628658552082,8.344945842446052,0.95731718389397
6757,89.83043092885566,239.8268914165473,Road,East,69.048518330776,7.476566888428845,7.255823224416766,6.223122833356258,-1.0327003910605086
3706,153.8491940905737,342.1303364909283,Road,West,89.38431599261504,8.351449121553097,4.761706425801207,6.486916267780082,1.7252098419788746
6769,34.086911423297,123.77125596898875,Air,South,104.88532256435316,5.81181753508611,4.1420182191739645,4.18897692139389,0.04695870221992582
5292,97.9227362121819,232.55382896809883,Road,North,59.76477550255518,2.259439569436247,4.758382132993182,4.165170820480288,-0.5932113125128939
1594,64.19663530386528,362.7133649467997,Road,West,106.27758552711298,5.034483454043324,6.143355597079,5.388320950740996,-0.7550346463380038
11731,195.078012437053,268.9645938213673,Road,North,57.035760854752304,8.93518507036255,8.270136731402134,6.590851306301963,-1.6792854251001712
2589,59.7926724880746,308.20978502800574,Road,West,87.90713393426097,7.035403818590999,5.401607075188443,5.951428841517512,0.5498217663290683
500,206.20691749370343,260.5168007115817,Air,West,51.77905046211269,7.318815830536023,4.431663952587485,5.110691241864995,0.67902728927751
3599,98.4894387347878,444.1788322058126,Road,West,136.8926111527682,6.097119897126412,6.76219562749451,5.968535206014414,-0.7936604214800962
290,59.76158537602574,273.4608070139256,Road,North,108.17065679791564,3.776201457512273,4.59654665499119,4.815126930098962,0.21858027510777145
5376,64.05482713574004,247.780592021394,Road,East,53.17197950257425,4.977587340573658,5.491408524063743,5.366026550994642,-0.1253819730691017
11710,86.08035643234567,512.2950023635271,Road,Central,113.83451927077832,8.076613065733346,8.352269265723953,6.8568934047750485,-1.4953758609489043
10791,72.00801362812005,975.7418696992788,Rail,South,176.63576936037586,9.77769459084906,8.746850762743387,9.131083710194657,0.38423294745127023
2932,84.84622853567666,518.482373015754,Road,North,64.67322442366151,6.184664598874848,8.667788059669697,6.275385019204714,-2.3924030404649823
3562,77.4601379461807,960.6076765258124,Air,North,320.3228839608023,6.339048964354443,6.60089376352846,6.69912606377933,0.09823230025086982
4972,90.3964237863625,1469.0385538166408,Rail,East,240.6336645888036,9.360093807173964,10.035310053610091,10.619538719791773,0.5842286661816818
5272,47.42337703126375,438.1965893542466,Road,South,79.10927305204099,3.9090215293731534,4.972055226398782,5.106253625872444,0.13419839947366263
8526,154.73710992107138,229.32264851013775,Sea,East,42.97297576330943,7.980605115536601,8.964926325796176,8.256174188880081,-0.708752136916095
3468,110.61724502181008,595.9212631578766,Rail,Central,51.21241688615754,4.052452519450545,5.32370583338014,6.225385367343192,0.9016795339630512
590,96.29096316623291,502.93410523811,Air,North,196.1580207702236,3.498308674150163,5.222431025939287,4.51569392926006,-0.7067370966792277
3688,90.72350251297108,631.4983000520576,Road,North,98.26330946908112,10.229506001165078,8.180013298982361,7.989225934112568,-0.1907873648697933
8600,49.6786106875397,183.75232985391,Air,South,49.880944516857184,8.637959238250627,4.001879025909326,5.325294645551012,1.3234156196416862
2271,47.66197383980147,238.1627840408092,Road,South,75.67417528045425,7.989012661128129,7.412425373874474,6.031876065366205,-1.380549308508269
7442,174.37250690056584,128.47629876352326,Road,North,23.24624588275781,3.0488933558426186,3.120556565368111,4.161687650732015,1.0411310853639035
5822,179.00927860516668,721.9052689314547,Rail,West,72.88701963990283,10.055262763873584,7.457762270896463,8.629470249689959,1.1717079787934956
2769,48.48329968984304,100.35487332695332,Road,West,79.10652927274887,9.845224933192108,7.771783617556862,6.4113960463295,-1.3603875712273616
1091,19.56429598565235,763.2160155085248,Road,West,188.05517577512333,11.481388011926398,10.001611474305513,8.692335653027477,-1.3092758212780353
2771,95.97091292560243,352.3998278315503,Air,South,180.9961421406176,5.427594048446123,5.654432658036822,4.637042587621473,-1.017390070415349
3254,172.2615357605035,576.6854463266309,Rail,South,73.30315795211405,8.962169735143272,8.64028560610803,7.799963351271228,-0.8403222548368019
5053,72.89372986508015,275.2628813876348,Road,North,67.55426054392363,4.526123880793105,4.103402604814255,5.075727607366166,0.9723250025519112
8005,75.5923582965585,2176.694475743017,Rail,South,330.7582021755178,10.128483797421708,12.89866158925805,12.33008849845584,-0.5685730908022091
777,125.6181665831555,1403.8793794826288,Sea,West,143.75439359721406,13.671054579423192,12.156608577387066,12.965568148636574,0.8089595712495079
9431,111.74007898691224,284.1597328098359,Air,North,139.50319458356668,3.882893925825557,6.046454057340997,4.084226930290087,-1.9622271270509097
299,74.1965938878158,727.6852804084732,Road,North,235.37301051003163,6.308550567344484,6.651494607300707,6.87687704780351,0.22538244050280287
9883,232.98726825605723,400.6902635868999,Rail,Central,34.33058882822868,4.148212982159029,6.550938485419584,5.742176829627848,-0.8087616557917361
1090,114.04691427772303,1712.355578877187,Road,Central,489.5449495557851,12.10677038007356,10.916209974111943,11.37559405864122,0.45938408452927604
1194,52.63812357357219,127.887213179723,Road,North,47.69886518385401,8.457915198854714,7.841875390826268,6.083819379241028,-1.7580560115852402
8180,243.5343121840219,268.8881336224982,Sea,North,20.0,7.377542905338995,8.373269993328156,7.926219474758725,-0.4470505185694309
5465,92.13052472690876,321.9677139921281,Rail,East,87.10315865296644,7.553517500346413,6.417794588212391,7.044890936935694,0.6270963487233034
8741,138.70030476932126,252.79613863068488,Rail,South,32.641879504935005,6.994372596639382,4.5090189642271135,6.283360338165611,1.7743413739384977
532,149.50148523879844,163.82421355747388,Road,Central,26.83011806694114,4.596655772956612,5.365356438767224,4.725122799777427,-0.6402336389897965
3263,141.9320148308221,207.18457670443183,Road,North,36.90713981511049,3.7831778108506215,4.297359632120244,4.626802653813811,0.32944302169356643
971,196.78643594211505,575.8871652033288,Sea,Central,63.42404868710328,14.46785785275067,13.33308633264301,11.138616204434701,-2.194470128208309
11380,97.98659226420224,694.0129545547576,Air,East,285.9746713176999,9.31920284448004,5.800438519499942,7.263463862599971,1.4630253431000284
4084,135.8772281581891,415.7470864978382,Air,North,180.12142397438296,6.826183663666612,5.671816562265043,5.456219699293516,-0.2155968629715268
1113,133.43414951092524,1122.3767835642311,Road,East,261.73203347348016,10.362477496040173,8.364440928804147,9.503555787490471,1.139114858686325
3708,149.71811673329492,486.8902748506694,Rail,South,95.43982652148536,9.183667150070876,7.415049703219923,7.655964103001015,0.24091439978109186
6712,281.1328037433863,331.42119277796127,Sea,West,20.0,8.181798640907488,8.380084809567974,8.267185961273247,-0.1128988482947264
1592,203.62178775899736,243.8609689204268,Sea,North,20.0,7.463577084821141,12.268027991202706,7.898692300282543,-4.369335690920162
2391,169.48933296343034,296.1904006177462,Air,North,120.79084230037826,7.31961880907401,4.012040837353183,5.312309023159269,1.300268185806086
7924,75.64131166378392,698.1822628598859,Road,Central,169.98626100602024,7.514062582503059,7.211719174446192,7.141328457955887,-0.07039071649030504
5885,63.983777072934046,389.2241165150323,Road,East,111.37424307316036,8.570188380941344,7.113477452877277,6.997499043432638,-0.11597840944463833
7307,53.12935885132027,923.560359977597,Road,South,252.5333587950745,7.961101517643357,8.165203812264785,7.789527938734341,-0.3756758735304446
5727,291.33388822033487,167.85660044303668,Road,North,70.3207488975801,4.88808376249307,4.477580149221735,4.898173591447224,0.42059344222548933
1082,33.942221815690324,304.1544639103875,Road,South,110.37197753437772,5.699045334359203,6.968884820929024,5.401320614135657,-1.5675642067933673
5641,35.29268804531101,410.6684594267908,Road,Central,140.144229659018,8.843229428855196,6.6005031312621245,6.879258469065066,0.2787553378029415
3445,30.45963247517691,321.07563312391443,Road,West,58.48849629310519,3.803794487196483,5.579462159476872,4.8477644749470645,-0.7316976845298075
11688,70.19279810506563,472.37899592162415,Road,South,36.96021726631058,8.652177362217017,6.219605644524403,6.851919806049509,0.6323141615251053
8177,166.8126802679849,257.3323760616829,Road,West,76.86906288007572,2.5038165585619225,5.083959835286633,4.211062177958805,-0.8728976573278278
8863,159.29006303249997,1031.4312038803532,Sea,West,62.89224990969765,13.59985717605316,14.196192173294609,11.976867885559859,-2.21932428773475
2020,86.74103568327604,812.4930691720241,Air,Central,349.73771416565177,7.534118020036477,7.14371971914974,6.67061558328478,-0.4731041358649595
9736,69.1692029102866,259.77056500059496,Road,West,128.45313874476324,5.99621099775109,4.214886843029717,5.467174478723017,1.2522876356932997
1803,95.43374815773475,208.6142003800356,Road,South,82.57717877014915,5.281908560626047,7.195998955224962,4.99865254018893,-2.197346415036032
11633,77.28439134166473,755.3499520294621,Road,Central,165.30726485826892,5.211372241118374,7.6701218227487455,6.475989584591115,-1.1941322381576303
4098,143.11797314718734,219.22567255809247,Road,South,59.07612879364351,9.093159749747628,5.4147152976981445,6.355636253205779,0.9409209555076341
4889,118.89577347882027,860.9286311760347,Road,West,274.2824142536266,10.002675674581663,8.206698895465307,8.418489251303527,0.21179035583821992
8563,8.319938517428985,772.3923354647144,Air,Central,311.4993391141166,5.213566129784599,6.31146950112166,5.758607719545905,-0.5528617815757553
2759,156.19305920992406,122.17158892796508,Road,North,20.0,4.484266799565807,5.457070663924374,4.6526583952498175,-0.8044122686745565
1642,211.6797684060253,523.3273942863369,Rail,East,109.23770006010872,8.818091300696842,9.089801566842826,7.987297813714887,-1.1025037531279391
10363,107.68763215128396,395.607985651953,Air,Central,220.43012565397484,4.719731825275003,4.3633606094245,4.599139298842849,0.2357786894183489
8757,138.96613371826217,291.1357575747926,Sea,South,75.70175496103509,9.488672296480209,8.692041425543234,8.576343851305595,-0.1156975742376396
8661,34.485282850439816,211.79376534273976,Road,South,104.78539167571782,3.590392632772168,4.743582829613491,4.423980614682425,-0.31960221493106555
7481,160.97044836809997,250.4696890136892,Road,North,138.62892363144618,5.921406912307414,5.432181800036827,5.500559801576177,0.06837800153935003
4643,167.06703321384552,378.40337349534224,Road,North,51.515221693644754,12.483200587206513,11.194380400934657,8.120275480678682,-3.0741049202559747
8261,38.22144817054139,326.1628389778494,Air,North,57.99370966977743,4.171452415568634,2.3689168256408486,4.2917145307147315,1.922797705073883
5386,172.47882086753566,70.4640977808944,Rail,East,59.83014228399379,5.906010714864719,6.648299699572718,5.8101885424522965,-0.8381111571204212
9360,128.31200166042626,291.7962508969751,Road,East,20.0,7.523996727804812,6.052115929000496,6.359325959669764,0.30721003066926844
2088,116.9280598613783,67.15488526932795,Road,Central,26.52485649560564,7.223010151397791,5.316638210383444,5.407664185084598,0.0910259747011537
4007,52.41059095465258,231.85530465923964,Road,South,42.29804620648275,6.76943944985042,6.560413742069671,5.581478492273241,-0.9789352497964297
46,94.59206424917788,67.17306314898937,Road,South,20.0,2.741077061322596,5.16425981923873,3.736586123160605,-1.4276736960781249
10781,55.5495528470502,471.390821079864,Road,East,55.71747070210394,8.406019540443658,6.624897515525014,7.142034081129488,0.5171365656044742
1149,59.03163289983424,1061.5200955078524,Air,Central,433.6321532083746,8.17439353838034,6.487267741441325,7.545128461884309,1.0578607204429833
9186,86.48504826444645,419.7219614133974,Road,West,96.30992717409552,2.4049006774860797,4.2757445559006655,4.6038281927497895,0.328083636849124
9334,117.7773948287228,591.2740865184551,Road,South,113.27289324362306,6.797922733150474,7.036382319694991,6.506061624848873,-0.5303206948461181
895,131.41321117645802,462.52347863045605,Road,North,36.03287188477799,6.195893573859889,6.827585287231088,6.126099409394712,-0.701485877836376
11264,151.85679195071648,599.8664030581253,Rail,West,214.36860748601657,9.441787198217776,8.106929732414079,8.127508377695253,0.0205786452811747
7724,108.53674836536068,305.4786489163098,Road,Central,124.14680491349652,4.645484294767403,5.275823729758441,5.122429408214646,-0.15339432154379473
765,109.08170258129384,80.80411558169332,Road,East,20.0,5.582889061623405,4.007811571340175,5.142912301324937,1.135100729984762
9402,102.28856755178624,947.9057195169784,Road,East,285.8286057710471,8.211709613434474,6.9034025085125,8.311471092454505,1.408068583942005
11144,156.51795687175328,1054.7514417623422,Air,North,520.8441748494232,6.522180403107598,7.46658003914602,7.019910824058825,-0.44666921508719515
7955,157.09505027435102,139.57849121741933,Sea,East,21.98745640355381,10.290713605418777,8.981809144073722,8.837030074091,-0.1447790699827216
3578,127.39134598942933,249.5981073950755,Air,West,151.40852696883644,3.67769889200896,2.865281480094481,3.828181487551511,0.96290000745703
2935,196.7653379199685,732.1614171987915,Sea,North,33.375183583664914,12.281874914249112,12.27756489712216,10.83793966242567,-1.4396252346964893
1566,129.10318148774786,748.6047128820811,Road,West,119.80278054198784,7.776739279618823,6.667207350174098,7.326496228720564,0.6592888785464659
11856,97.8352155174104,252.7867937322665,Air,East,127.59314667919132,3.336846015598728,4.173641138832514,4.014920288284927,-0.15872085054758767
9518,40.11597012517169,540.39170818894,Road,East,122.54284076453467,7.4634173972664355,5.500311478545787,6.99780666280404,1.497495184258253
1201,48.53501024803781,111.82186429591616,Road,North,78.27097486923884,5.32925809742965,5.650234399976655,4.947626998799284,-0.7026074011773709
5261,25.284559398504545,334.3942084790108,Road,Central,58.43852556365606,7.321757399256402,4.958521384490397,6.140033420400492,1.181512035910095
3755,55.56152307399168,303.2915017851719,Air,North,141.22695609888913,5.571226145907223,4.107665049366458,4.735138737338977,0.6274736879725182
5333,204.61706730433409,549.9478150137555,Sea,South,89.42723676180776,10.690208084004803,8.984454864640746,9.649411768920675,0.6649569042799293
11028,116.3510995151094,266.45791961100537,Road,Central,145.31578416670513,8.143462404942472,5.740571773348769,6.255241267152366,0.5146694938035967
3037,121.49380462805716,350.18514468429845,Road,Central,107.09193235727076,4.5294323456369865,4.74322749309458,5.190977320999705,0.44774982790512485
10581,80.6636083413539,363.7589412228364,Air,Central,154.19559148455284,4.790029355460468,4.736632245854565,4.537396869915428,-0.19923537593913743
565,32.112094735610505,390.4267914039937,Air,East,226.56947580930552,1.0859913754330552,1.8802633623071217,3.5971323952630705,1.7168690329559488
8391,59.08033576538562,122.91995653276916,Road,North,48.16898116702495,8.308272196825301,8.8159464854375,6.01768052740694,-2.7982659580305604
2619,152.63975605829768,453.9416237161335,Road,South,134.55093002592076,8.334810772107275,6.817463417982483,6.6952118940735215,-0.12225152390896188
8955,174.07551706419002,187.56417532032893,Sea,South,20.0,4.052946280792255,5.106924993443041,6.388198436566949,1.281273443123908
4191,102.1784241254749,273.1584731154063,Road,Central,66.94418926114697,6.201091618535462,5.376944219995593,5.580097670813509,0.2031534508179158
4923,146.7320233335434,899.2901132953314,Rail,Central,147.2221824285613,10.37767575191261,9.282822517378634,9.229745771452318,-0.05307674592631528
1011,169.84043183428773,144.54503860751578,Rail,Central,20.0,8.635743702304072,6.721969323662497,6.6761841434617075,-0.04578518020078981
11539,85.36287441450779,797.9921649728076,Rail,West,162.60582751030705,9.160840753727022,9.648331828975913,8.534960979753734,-1.1133708492221785
6392,128.12158136039812,195.33134243477093,Road,West,26.085886448277087,7.462530899955546,3.546006985577973,5.795727051592557,2.2497200660145844
11798,67.27786495059465,707.7162298127995,Air,North,278.9600855669846,7.823020168608844,4.336246736883617,6.57347425751738,2.2372275206337626
3424,242.6448391899575,215.82207757736825,Sea,Central,20.0,7.207913492764733,8.734261069150914,7.656793310306389,-1.0774677588445254
7540,185.14819228270667,503.9663993099181,Sea,North,100.14505487933876,12.221883946873648,9.557040463308944,10.247729081510624,0.6906886182016798
8732,53.187496184567934,783.0299112116957,Road,South,163.05244115976666,10.27610052222322,9.25991906082395,8.233523977753968,-1.026395083069982
10606,58.22434519436673,169.29283816736444,Air,West,58.37404754974308,1.822509338868377,4.736864501750027,2.9684194581298455,-1.7684450436201815
2108,27.736309135933528,1183.8046577711766,Air,South,492.1229268368248,9.238650353256054,7.344460837905544,8.14607302685023,0.8016121889446861
2816,103.95861597143124,163.9379693946092,Road,East,53.19083341317566,8.5005264463388,8.91709804784356,6.385899554502716,-2.5311984933408436
9205,78.94903543586197,240.50899460316904,Road,North,20.0,4.038367082604087,4.914521970148884,4.808141506453926,-0.10638046369495768
2390,48.47741183527776,133.31068216147187,Road,South,37.88225417798435,3.8412868317350224,4.7663969016829695,4.301032250365031,-0.46536465131793836
11854,22.122304253984208,174.27929831386805,Road,East,20.11816364968425,7.242318900651146,6.374468236137996,5.977019590124625,-0.3974486460133706
5587,73.61303828097084,375.2452351796821,Road,East,68.20227600728441,10.75633782019078,9.776023093324422,7.723213289041525,-2.052809804282897
2119,113.80277220338544,568.9436093889149,Road,Central,132.1993118928923,8.740079667229072,8.622536630754475,7.232833145568794,-1.3897034851856809
9944,114.75167420542547,326.15483711328005,Rail,South,82.93405210227118,5.077120429913172,6.386171217654894,5.806342845846901,-0.5798283718079933
6377,97.99868911309736,1354.5480587771674,Rail,Central,163.79419514761622,12.06823433690264,11.254572572228088,10.991596854876667,-0.2629757173514218
5837,119.66762059570388,603.7619784223568,Road,South,186.88472910701293,4.185569214574562,7.61084008163308,5.6293120970824715,-1.9815279845506089
8629,160.15239443309807,477.198749236587,Sea,West,68.37497888208,6.889906852218897,8.663043727079444,8.20825164558703,-0.454792081492414
10178,161.86205424040278,383.4936188878829,Air,West,159.46389510766755,4.097126690359468,4.240353024851983,4.312286900465586,0.07193387561360254
10378,54.76698033061427,234.1991698684656,Air,Central,92.41694164096204,8.301670684913024,4.372956801646382,5.437892367220048,1.0649355655736663
6005,99.00445580954658,1505.4636113377574,Road,Central,388.74137512711343,13.018934046869877,12.107068026924658,11.158074756517191,-0.9489932704074668
10651,21.44018650068226,864.4597441618741,Road,Central,205.25646910138636,8.606884735854557,8.459203488831257,7.961512992677597,-0.4976904961536599
4913,43.55042111127757,455.67034766516105,Road,North,93.9349397011203,6.614796949420425,5.453756236239182,6.277151683499313,0.8233954472601308
7820,182.4003996895248,518.487926256866,Road,South,99.05981041727124,10.656024291158015,5.853081706992062,7.666264008375921,1.8131823013838595
1345,91.65903381501744,53.84629157201864,Road,East,20.0,6.690404376409328,7.154562079440075,5.466408391754994,-1.6881536876850811
1444,48.65127760489625,399.8254236893791,Road,Central,54.74686257281924,4.701766047219821,5.327274249860465,5.3810696805954805,0.05379543073501569
2625,110.07309327549176,620.5159595107748,Road,Central,149.3002466042564,11.003129110854122,5.900627052322379,8.162849895333473,2.2622228430110933
8855,57.95429694379237,320.2816782372521,Road,North,87.76096120281571,12.161663627011476,9.133247076116117,7.88057995837656,-1.2526671177395565
80,137.45006392085892,812.8876132217838,Rail,Central,146.0044436921508,11.262850544645698,9.162343203410565,9.322502229277093,0.16015902586652864
5427,105.9015468068169,465.5664137763051,Road,South,135.9074028055731,7.3879581117252435,6.483360235819363,6.398843655995254,-0.08451657982410943
2407,76.52015384732753,664.5113336544695,Rail,North,124.19912952599891,4.829704293301602,7.27742868981263,6.763522485478235,-0.5139062043343943
335,93.61439492379309,254.1031281976731,Road,North,85.35418287449926,7.825456235512217,6.136671161740253,6.181726030360673,0.04505486862042041
2874,88.86041720089969,198.46068666297663,Air,West,99.90665342591676,5.334706467579506,4.33531782231761,4.279194521812123,-0.05612330050548753
6157,67.21323172548458,665.1397228234316,Road,West,232.07886352880823,9.866882428956645,8.782038283536057,7.874391743563205,-0.9076465399728519
3891,75.6659355232278,1464.6744399389847,Road,East,304.49526654442855,13.8462387189102,12.94938346281932,11.613830151614664,-1.3355533112046558
1572,131.32590294863166,154.65407374519728,Sea,West,37.249700229079885,9.190885192048889,5.615645819032878,8.196986660634906,2.581340841602028
8217,97.99226232393151,338.41050033178686,Road,South,74.57416330233761,3.551643189247684,4.595705264502635,4.718723010681963,0.12301774617932804
3944,128.3117336629138,315.4178829297415,Road,North,70.5833927183471,10.092131356760657,5.911899933805923,7.127606932226125,1.2157069984202016
2109,109.87526870899208,750.2489317754909,Road,Central,217.03046211342,9.624558425995495,7.966248321361587,8.017641130080284,0.05139280871869634
10242,101.10723062414436,267.96546888604735,Sea,East,67.38257860292717,8.232116349553642,8.129031114330088,8.454258453532265,0.3252273392021774
1509,93.4457436880618,473.4814708530016,Rail,West,34.864069925258136,8.964652126043045,8.11007548497337,7.621294900742208,-0.48878058423116233
1896,243.71098338721143,462.343379199148,Rail,West,99.39818880147624,4.25850977724257,6.999370739078682,5.925018611991701,-1.0743521270869802
9658,237.80701344351945,1303.2236109250607,Sea,West,154.47125309408457,15.946562158334288,14.331044873702062,13.494886898266685,-0.836157975435377
7821,93.52001370447032,468.2638098455559,Road,South,73.4652052947576,8.32673534157283,7.384278414086628,6.728776575950626,-0.6555018381360025
9919,105.34146229780274,458.7637022552818,Road,East,48.488826606471584,8.209903788523029,7.24558029451388,7.032605420211677,-0.21297487430220308
6044,59.08838000468823,236.65948001284644,Air,West,75.93659732266565,7.411357746939846,5.450690452852001,5.1076208411651915,-0.3430696116868095
1845,196.00793644619807,813.8574058339749,Road,South,210.81108154743052,5.481730772862685,8.396711357642074,6.611647710774559,-1.7850636468675152
111,217.17542914691072,605.9782234024319,Rail,North,115.2855304200642,11.314438542864082,9.986891254816484,8.873298793939838,-1.1135924608766459
472,91.32308239226496,244.87952793750645,Road,North,64.63109035486869,6.849933498473939,5.5044968378620345,5.812578031654851,0.30808119379281695
9545,81.07615225912164,346.171155889384,Air,North,144.23049153375823,4.8548959148326905,3.397626427222729,4.588946475218622,1.1913200479958928
7325,174.92192739407756,298.22468903422555,Sea,North,27.90062360573244,10.805102492811889,8.134729903452369,9.217447006546642,1.0827171030942733
6775,118.23830725595258,625.3031331440908,Rail,South,56.697475256806,7.786434518610738,6.842959630840554,7.515690257233127,0.672730626392573
8798,95.29691519242007,641.5667663479464,Rail,North,158.832300847903,9.899756150587436,7.430632559775112,8.490397871750876,1.059765311975764
9014,129.8667149836697,643.9060815557258,Road,South,190.07083754615,3.9770105137721528,6.870878122522359,5.657013625882561,-1.2138644966397978
9981,85.68216341067321,1023.5566292475949,Road,West,210.8967599717996,8.675482109401804,7.014127216763298,8.361172776009575,1.3470455592462764
1183,199.7349522471176,725.4448012335533,Road,Central,193.05772651109373,7.151529124249951,6.916420516817711,7.068220294838077,0.15179977802036593
6597,56.60597444488671,270.84498402414823,Road,South,81.94206174198665,7.550977390640943,8.423718322346794,5.960521423404952,-2.463196898941842
7078,53.35579235050518,421.7797148703325,Road,East,90.8337300488217,5.970764916777167,6.425601949308753,6.1647545899654865,-0.2608473593432663
3437,64.81365610698887,539.5888152605385,Road,East,76.8251780875961,2.932649952047228,4.601969469722158,5.392228259025871,0.7902587893037136
2310,80.23130572768882,447.840352030955,Road,East,129.01645559564997,5.18188315550302,5.654019948348441,5.955086952193186,0.3010670038447456
9061,49.306842819449336,141.6453175919121,Road,Central,72.41116174601856,4.819609558220403,3.566304488558207,4.768343300220237,1.20203881166203
11042,111.76308422574024,450.3798095669559,Rail,Central,70.61807610856289,7.276457053137687,6.917433074276886,6.991675693561243,0.07424261928435705
7319,117.15431495011974,625.0779277537418,Sea,Central,111.55154091752266,9.198188351799804,8.82399582574153,9.429020802367273,0.6050249766257423
4341,117.39896315340332,97.46596835146376,Rail,North,20.0,6.652987862685794,6.979343021901903,5.941804553276578,-1.0375384686253248
2692,30.500906973416534,274.2911825173648,Air,North,125.33129363003732,9.060115888285942,4.762107638443471,5.889786089345816,1.1276784509023452
8805,99.59352545493007,377.0866704288719,Road,Central,39.72018665804744,5.25021128120812,5.205568906398481,5.506494742684195,0.3009258362857139
8596,160.0186034415367,499.5144048335283,Road,East,65.94227833314622,9.999593035496726,6.290776331952967,7.76009758102066,1.4693212490676935
5528,95.0013713711304,796.8240940923068,Air,East,337.3491708971374,10.389030474445258,8.514411945766362,7.908927428281736,-0.6054845174846264
2889,198.7367709916016,176.74168168210014,Sea,Central,51.65593472388234,9.531063357147112,6.584153103049292,8.385379852950145,1.8012267499008523
2184,120.52664380003924,305.9727112210561,Road,West,31.80354011263733,6.658744414687141,6.519837002291186,5.796357315954485,-0.7234796863367006
5778,129.40220996363956,162.88248364324733,Road,Central,20.0,1.708086126567008,3.4624402498363493,3.7088470804805453,0.246406830644196
4394,111.35946920319466,537.551117358266,Road,Central,153.87278171025756,9.995161124659091,8.384770259982849,7.597835372499669,-0.7869348874831799
10277,120.6682881691689,517.4255864533696,Sea,Central,88.2900619166978,6.490794904160599,8.156538822849114,8.199269873542072,0.04273105069295724
10387,62.33379061232278,277.01347795442945,Road,Central,78.9022747066256,8.709053311338383,5.011629127835981,6.479466624082537,1.4678374962465561
6023,192.8150653170095,330.87892349401784,Sea,North,20.0,7.21480366587096,6.548370906281503,8.034090379243114,1.4857194729616108
9035,108.09118790706988,527.4320739435199,Road,West,102.10729378982732,5.147356142665592,5.407035839320676,5.8398775204128714,0.4328416810921958
9421,135.6411785630618,795.2094516357894,Road,East,203.11922642338897,9.187550207316182,8.165318477980556,8.249641901187548,0.08432342320699249
1193,176.34986302486254,358.35428933445195,Road,West,57.25311249580329,4.81824834735265,5.697914317945231,5.277725623349124,-0.4201886945961073
45,57.4252194967653,926.2051319593616,Road,West,230.1016034482459,10.44332532326822,7.73226219412635,8.742201622684625,1.0099394285582752
3649,137.84117135814247,288.8759334990413,Road,Central,146.1149252756651,3.207510977883744,3.5103651770593647,4.573320678851259,1.062955501791894
9730,123.19020478515267,1035.0098753870325,Air,North,491.80936543672544,7.445041924088552,5.411319000534629,7.295018712964203,1.883699712429574
9475,55.59043370385061,380.4280913873898,Road,Central,108.11280432459368,7.390465804006457,6.863379494568032,6.283894050792311,-0.5794854437757211
1578,163.7554115659317,236.0784047567216,Sea,West,20.0,11.711063704424555,9.204778382620391,9.283141977468555,0.07836359484816313
3139,118.7015521681987,247.54581757482887,Air,North,175.7911812518511,6.667448517310806,4.601733171560688,4.974540590300367,0.37280741873967926
8288,138.30452217931602,212.73300016688663,Road,North,64.83014103289239,5.845106449863448,5.252603529059933,5.370570026665233,0.11796649760530009
3429,58.362871479694434,417.6131494401987,Road,East,72.59175939560603,4.007726089855417,5.825007347489014,5.460456185244244,-0.36455116224477013
1584,66.41078799370966,296.6953275330628,Road,Central,20.0,7.745179831183776,4.908163538636967,6.181550266740501,1.2733867281035343
4189,128.47903443029992,436.8117113616744,Rail,West,58.75150473381024,9.228271139717728,6.764568765950991,7.619005350901044,0.8544365849500526
5972,86.08180006584868,509.8505386473036,Road,Central,113.08669363876284,6.78413261122642,5.654546186658616,6.396026762863376,0.7414805762047596
10464,153.35600123309752,762.2541804107653,Sea,North,89.10892679101877,10.83593248142584,9.90400771248171,10.420276527885774,0.5162688154040644
3334,37.33487606907508,1167.5885573126177,Road,Central,204.89231788505032,9.294998863051925,8.77745957087877,8.972025862883058,0.19456629200428743
6762,70.25347772836408,1214.8221815150569,Road,North,305.54763255432124,7.125646764478564,7.7584790626269475,8.41367708879234,0.6551980261653929
11227,160.42350246372655,468.43698348704953,Road,Central,137.06986929708756,6.268697169248647,6.504665157065785,6.101931412046173,-0.4027337450196127
10121,162.59714634241658,620.6697352711261,Road,South,187.08285920595773,9.187565515167462,9.41798597810892,7.425148508705627,-1.9928374694032929
315,120.0936748596788,59.720400243066415,Road,West,52.39684827936798,6.698063567362293,4.967679847132173,5.186926742301305,0.21924689516913176
10286,118.29950494850765,746.4269383723627,Air,East,326.6677372171094,7.1246461668978425,6.881423901942024,6.627786849559282,-0.25363705238274203
6621,121.57887787439512,388.5727027600727,Rail,South,70.87894717809482,6.536075832575476,7.747170649008169,6.475449577048762,-1.2717210719594068
6533,169.34494211898613,479.3621675059838,Road,North,113.7171705741128,9.18912071647086,6.397712694864877,7.227086405176798,0.8293737103119208
9369,54.50381549005541,377.3803195111976,Road,East,98.73300961408732,6.31838034703065,5.804546740850558,6.17504762468986,0.370500883839302
2144,207.27540508791276,320.37426829098985,Road,East,87.24393945882366,7.609553271360646,7.13564893107513,6.460073833287328,-0.6755750977878012
6500,115.61980404505096,194.72835854285177,Rail,North,20.0,7.962506288029617,6.915727572796758,6.649953985927823,-0.26577358686893504
10042,164.47520482469926,334.6728703792914,Rail,South,90.69940410611296,8.780452290970176,5.96564935008611,7.12420504982418,1.15855569973807
5862,162.45459587045798,67.35365825538149,Road,North,20.0,3.103260292360667,3.767302631658118,4.026651910413945,0.25934927875582714
5196,129.47007742924006,579.682594604905,Road,West,123.26936103347876,7.64546980517942,6.287934618652033,6.851176793090773,0.5632421744387406
6662,47.20447732608171,318.0441483386581,Road,South,20.0,6.07678896193242,5.966200024049256,5.554663786973512,-0.4115362370757438
5170,79.08466344158097,238.5621096181065,Road,East,58.6357919934751,7.072473786465089,6.432217950355642,6.077888646270033,-0.35432930408560903
9026,44.73893093924357,953.0812085327414,Road,East,188.259118656628,11.697910646866966,9.001404020278443,9.545221950324898,0.5438179300464547
1071,46.42626988527549,508.1095609026096,Air,South,250.8525125706948,2.773258992384034,4.948121759421097,4.116785119607634,-0.831336639813463
9212,198.7843900573873,127.38004116056857,Rail,North,105.94323820428178,7.060785569044098,6.336860419151081,6.161585689445646,-0.17527472970543467
7628,79.49499409249906,688.2992194294583,Rail,Central,48.88575493909099,5.835685799542149,8.815414563317448,7.091689864571245,-1.723724698746203
5605,123.14664348977568,430.1311968915861,Road,East,120.49756211948802,8.81541804817735,7.281676998666394,7.180382858843279,-0.10129413982311508
9963,89.60207867436388,1127.2105176915252,Rail,East,174.30383173881177,9.985173219455584,9.396327123245738,9.960713270746531,0.5643861475007927
10435,127.42139830936972,233.60020632523467,Sea,South,43.42879861922267,8.77180961763282,6.899009044687496,8.175011291384568,1.2760022466970717
409,268.31006493544555,551.8536157395033,Sea,North,54.9946121171822,8.008556823513043,9.059770272039316,8.869106572479012,-0.1906636995603037
3784,64.81528934945285,210.01046124895032,Rail,Central,20.0,4.117977234577752,5.442553276485744,5.269281686815717,-0.1732715896700272
3441,81.96797383270213,1276.2564379140392,Road,East,270.9823315236077,9.460104195564186,10.624143310734606,9.586425125480005,-1.037718185254601
576,61.166537240599865,194.35208949736352,Road,North,121.71243092734466,6.789037338288457,3.9000328077921456,5.67522761122102,1.7751948034288745
8608,79.20294182455382,141.05060173306177,Air,West,74.20437374900776,3.407180850733168,3.500026572934761,3.453070668341394,-0.04695590459336696
5576,122.18165951150009,797.4806236012075,Road,West,206.43218272408163,6.641478711374647,6.413202484048916,7.064904767416457,0.6517022833675412
7197,24.824395192059463,149.65460823023568,Road,West,30.708485730529848,7.803939947037298,6.218871941539576,5.815467021056952,-0.40340492048262444
713,77.10596040183711,2500.0,Road,South,639.9594564578774,17.405220429062407,17.512995121210363,15.17167020119301,-2.341324920017353
9466,38.41708880463343,270.22326665810425,Road,Central,34.43740550439048,6.717542537698255,4.843240560768919,5.758995534778359,0.91575497400944
5871,100.53960128510356,384.8627425113467,Sea,South,70.61101597132156,9.307166366204749,7.832956206842126,8.755793280467067,0.9228370736249412
1087,157.81361038538824,290.2753062938543,Sea,North,30.5747306400675,9.345085669508656,7.197614685620589,8.686662230690995,1.489047545070406
3247,69.42953451465952,1341.3040944127265,Road,South,324.4827064759621,9.158731131306888,8.463184604702114,9.280956596790691,0.8177719920885771
8473,75.88945051004711,413.7948993258953,Road,North,87.33693266155265,8.898951769098169,5.435606564309199,6.968262817558966,1.5326562532497663
8760,80.55551198170902,232.2668226657969,Road,North,20.0,7.380237068858903,5.471296665273398,5.96222281248379,0.4909261472103923
2215,106.7701360362245,168.4069220879773,Road,South,39.66927235166138,7.625172462588781,4.734109272354037,5.712705320349734,0.9785960479956968
1454,49.42279483804185,965.425781133975,Road,North,214.2003555877777,7.472066137774753,6.088002244568754,7.891297971822688,1.8032957272539338
4587,105.92147983300518,249.24467187086063,Road,North,20.0,7.035070488759267,4.2391003931090445,5.8802841126990675,1.641183719590023
2420,170.82330238711666,233.1923079087532,Sea,North,20.0,9.273440461900588,7.214629696522012,8.512876955643158,1.2982472591211458
2858,120.76477726745615,240.6481439453412,Rail,North,33.753678744675135,6.874203290146448,6.130674820262322,6.385201355939181,0.2545265356768587
881,151.04852313378126,389.1771787685986,Air,West,184.919663435254,8.717430872099449,6.517533026698544,5.956838973417267,-0.560694053281277
1710,40.57881947580987,1797.9891531599249,Road,North,446.219883591447,10.4499243801573,11.475931593976448,11.090255001288927,-0.3856765926875205
3989,62.58399065030563,115.1520253315244,Road,Central,46.9513735276155,3.8002879626284334,5.014858343911266,4.336910299786187,-0.6779480441250794
11916,127.90993915301206,406.81330874335146,Road,Central,151.4938118966101,6.355874639608912,6.185386931317867,5.982704237521883,-0.20268269379598358
9103,68.1577493287457,746.3854919959963,Rail,West,133.0551362100826,11.258656550134242,8.403119103097684,9.139800172074256,0.7366810689765728
4716,23.957579328373395,214.2318162315929,Road,East,65.14829959133911,4.638440887161849,4.248383594388726,5.169032643970968,0.9206490495822415
11693,160.38137199260487,299.7377821667819,Sea,Central,47.43808396283273,8.647295274153436,9.40842180360733,8.392405403128288,-1.0160164004790424
2405,125.81277326934736,740.4059496207836,Road,West,174.34215801903764,8.523549502443451,5.539869422348392,7.576541098510917,2.036671676162525
3881,165.16743745529143,265.05865580962256,Road,West,55.44139663642955,8.981628374895916,6.050452164823639,6.506034988530466,0.4555828237068269
11834,159.37874299898476,470.1595802179773,Road,East,80.66543167234079,8.60628636318685,6.534479376250201,7.197633810370761,0.6631544341205604
3060,77.03081443903561,421.8310544106128,Road,South,95.54119884437524,2.2217505666501465,4.633131510235984,4.46924095459636,-0.16389055563962351
11619,124.82596366426924,459.8731626332026,Air,North,217.1128701357728,8.045922471613999,4.926053861631298,6.0042950313883185,1.0782411697570202
3353,136.98031403216407,392.6070067377657,Sea,East,54.452088813391605,9.943932819647282,9.60124307508812,9.366144086212753,-0.23509898887536806
9128,58.50703002092115,154.03939487902448,Road,West,34.4459318173734,8.115211964737185,3.8317125554826896,5.931671182592558,2.099958627109868
10995,104.27951128703452,174.0761541376033,Road,South,20.0,11.619897415133323,5.681602424722933,7.129562421231152,1.447959996508219
1597,164.2558785927294,774.8497422133152,Road,North,180.19870722410064,6.911193312142734,5.531146122681951,7.187668795912776,1.6565226732308247
6650,80.42957051146374,223.3131155385771,Road,North,89.31322197320324,6.710848707331597,5.848036284719796,5.713935300784529,-0.1341009839352667
3526,114.24487666325255,1735.27973618604,Air,Central,761.4559031541609,7.111857443209392,6.659897875609767,8.92352704128081,2.263629165671043
7384,52.13822113901848,82.90980296413305,Air,West,53.32140638227291,2.852013095426149,2.123850043613943,3.1109674446716267,0.9871174010576835
9659,120.45399367135096,242.95231384311887,Air,Central,30.639033345929302,4.01512679952469,2.211656111699247,3.9341949646267294,1.7225388529274825
4653,184.08171434261925,671.0498560796359,Sea,Central,20.0,10.272344329836631,9.301803397319178,9.900817702330713,0.5990143050115346
10821,187.08957334504063,247.0804025848805,Rail,North,51.81424842936831,6.583982562176675,6.655973645130044,6.292323118381002,-0.3636505267490424
1180,96.4934224083537,780.5983164014795,Road,Central,165.24024307204064,10.039528719889711,9.771715492183208,8.235348136739628,-1.5363673554435806
8509,102.86417759956905,288.7923776705991,Road,South,101.22473523610384,2.137883018916205,4.709355370980141,4.098423340887712,-0.610932030092429
8165,243.07828063353475,520.4575560584101,Road,South,100.9333697424028,5.956892949957995,4.998192387413194,6.010021341698726,1.0118289542855319
5627,78.26982494824988,574.8575232443221,Road,South,175.66920824404502,6.583195113672695,5.121171022048685,6.40349160884816,1.2823205867994751
7518,50.60138670832546,153.24731131417525,Road,West,51.44068441730938,6.1768554666111575,5.388655799167463,5.251553245436403,-0.13710255373105973
8821,177.69634234118928,661.4258348297951,Road,Central,161.1970185101605,9.817896536477022,6.163302736833217,7.84182398118726,1.6785212443540427
4771,59.08567078406583,961.1534514439202,Air,South,412.2001979534918,5.381838854779422,5.753522317873983,6.207468412487986,0.45394609461400304
7148,107.96609336407424,105.17804242627044,Road,East,59.55517316763653,4.271945382892676,4.433498280257164,4.749662878791565,0.3161645985344004
4721,96.86629501753232,322.6830373951939,Road,North,22.72728899078381,6.324057065342373,5.37184103041015,5.818716670699487,0.44687564028933746
2638,105.2015725979008,142.8218516618319,Rail,Central,57.041038125907534,1.917375226488813,3.089770970121745,4.323841726298117,1.2340707561763717
8817,69.24529728298079,473.4282964365182,Road,South,70.14575325686803,7.971132957043282,4.515457304285009,6.619944778790176,2.1044874745051665
8471,196.8823374960383,484.5719800320673,Road,South,126.07786842753454,5.128704454612338,4.473639669240116,5.637869354272061,1.1642296850319447
4387,100.57101218868756,473.34110692459,Rail,North,87.67500420144151,6.24664535166966,7.923979858120523,6.7669236487385165,-1.1570562093820067
2909,145.2408938980031,715.6586417990238,Road,South,169.53837553865043,7.958701958894718,6.88862192116396,7.234599198616906,0.3459772774529464
10588,110.79667523417578,825.7282690543062,Road,Central,214.864359102038,6.183154082559211,5.80740420640813,6.998869434280618,1.191465227872488
2328,94.30474007191744,396.6346174361773,Road,West,154.7726828400756,2.9214418317020208,6.26091349180431,4.733954271407103,-1.5269592203972069
2760,73.10775009749989,1038.2157567833488,Road,North,196.24259910016636,13.054390341257845,10.63818802619942,10.033582839589844,-0.604605186609577
1691,53.95283497010988,1291.9696031289486,Road,East,338.4618503062503,5.186769969643946,7.688766333444183,8.137259324301382,0.44849299085719974
4192,162.59822136757538,705.5091721615157,Sea,East,20.0,11.22610945229856,10.149364089779978,10.604147658288372,0.45478356850839496
123,125.48725869561083,1101.528256343089,Sea,North,161.89973533629313,13.188333142571771,12.776798192361008,12.124867427223514,-0.6519307651374948
10553,72.7549493062166,436.06262168430095,Road,East,20.0,2.569987644909971,3.8580998912383775,4.992139275033438,1.1340393837950602
1952,161.1090303596873,791.213745350994,Sea,East,111.58284410569344,10.655430785956304,10.850805253997503,10.634678535117626,-0.21612671887987744
8640,95.94058449737877,1989.672546009159,Road,Central,475.8831252795332,11.272470230972104,13.391812666101062,11.7881570224964,-1.6036556436046627
5489,162.31800880650422,64.75099674045356,Sea,Central,20.0,8.178205968878782,7.315719345719931,7.625633672581989,0.30991432686205744
6108,133.81830887763488,383.83835845432856,Road,North,78.35028992061861,8.538657895405423,7.3378453384181,6.755578219081533,-0.5822671193365672
8822,57.14505470618069,1105.6668285724631,Air,North,465.6156568236246,11.422891821568616,8.48338983882559,8.87962232463314,0.3962324858075501
2392,42.93297200332519,90.73998557046244,Road,East,32.37493559351128,3.6432925379384455,5.432741791342165,4.497539771036766,-0.9352020203053995
7809,89.77098786396816,371.2723547432051,Road,North,114.5427411979382,4.244180388319281,5.474890931126687,5.224955597013909,-0.24993533411277813
6697,136.7118292811433,1037.8615599218926,Road,South,305.2231582113835,7.998579061710124,8.172368563141427,8.088621595126924,-0.08374696801450376
3400,101.30219636540863,284.7419211385716,Rail,North,29.474043859954406,4.676552014762325,5.866473330788919,5.726711736219771,-0.13976159456914772
8309,53.06951837958484,111.1723495576665,Air,East,20.0,8.165230305976504,6.8809337312966266,5.344078615535942,-1.5368551157606847
4074,54.75215925517063,949.3738310760948,Air,West,400.394767242456,8.612922362658257,6.168967070426306,7.389601881410325,1.220634810984019
10009,89.90735307517112,173.32752696756884,Air,West,96.17485525753276,4.3454603592927965,5.66658702395308,3.866690631490091,-1.7998963924629892
7089,95.25316812912207,248.5406628100252,Air,North,149.9971236920582,2.362906046219193,3.955310537711236,3.4630062113176834,-0.4923043263935525
4641,37.82127681742027,589.4409048162736,Road,South,100.2497353338272,6.2893975043461054,6.341352494637726,6.33245126429635,-0.00890123034137602
4829,21.723099428258823,141.9969039500399,Road,East,46.64254082293749,2.672993908054881,5.581200276944809,4.291805649712119,-1.2893946272326904
11743,260.4625981589718,346.646481380144,Road,Central,161.5995666549602,5.77915112912293,6.586240951012268,5.608832725539578,-0.9774082254726899
1891,81.5011157695949,1158.7029992136297,Air,South,500.7991577532552,7.691883139370276,7.674052987221853,7.531601489791355,-0.142451497430498
5049,56.44649867123133,2320.6249258727457,Road,East,558.6297485900708,13.063799327875737,14.514933393961666,13.554507577950542,-0.9604258160111243
6756,90.65504121253396,240.359564786849,Road,Central,29.02493284667787,7.037741482276892,4.940913853884394,5.787210119466754,0.8462962655823594
295,91.5535682165942,405.757757726914,Air,East,135.2806585271019,8.422001507078201,6.739309434499919,6.194328798179781,-0.5449806363201377
11456,133.84203228000823,540.2914473095457,Rail,East,62.654790446483815,8.98029833044098,9.452444019383378,8.092283241754085,-1.360160777629293
2254,157.51514943753955,207.6024701288264,Air,Central,67.39981948093947,0.3416791578664422,2.797791715048825,2.5521997809913457,-0.24559193405747948
10280,72.74473252059747,427.368623213124,Road,South,58.48361639403554,5.250051232995073,7.634625489380362,5.54367433629087,-2.0909511530894918
2357,158.0083641295046,504.453790463838,Road,North,181.60815827422223,9.712148057705658,6.227865307626606,7.486177835789764,1.2583125281631578
1785,96.05411143310084,413.4086496211533,Road,Central,137.0801853488055,4.602886725098196,4.610295826273578,5.385607680568567,0.7753118542949888
9956,195.73785013784197,251.54533844852816,Sea,West,20.0,11.555900383080647,9.662740260848054,9.263209596950098,-0.39953066389795566
286,122.19273642842384,894.880503162891,Air,East,367.4797759789586,8.58445618584523,6.395012553397207,7.523960363768718,1.1289478103715114
5739,68.33129257828934,153.81095893609674,Road,East,33.354431523217364,8.067081744109526,7.00987856074538,6.210117653620239,-0.7997609071251413
1758,88.52437565335931,472.5223565875128,Road,North,111.60650595542872,7.744151735265655,6.425058543023551,6.713094231195685,0.2880356881721333
4262,260.98213110068457,79.73707733899838,Sea,South,58.0492679786143,5.077394183492118,7.819384275276813,6.466912437152777,-1.3524718381240364
1284,61.49480798087857,776.9682457208751,Road,South,112.82488263791232,6.048591855963108,6.907242974665957,6.722988049008234,-0.18425492565772306
11849,210.8803495225604,903.835035668844,Road,Central,207.9001960874991,13.558670911190948,11.631108338351874,9.775652953148624,-1.8554553852032498
5008,205.2444301265171,608.7112426576797,Sea,North,38.9698924786897,7.594703537198468,8.867699479775796,8.875140990314728,0.00744151053893205
10133,51.71934504456675,119.59338781434631,Road,East,20.0,7.009359585470174,6.3081094400478674,5.751652106811354,-0.556457333236513
7364,172.22312110279333,643.8219285723966,Road,East,81.47994719430329,7.403607966395418,7.875546035896174,7.214550814782349,-0.6609952211138248
5993,92.24215138279745,538.4329337338156,Road,East,106.39822464420658,4.967251751450428,6.376439051075596,6.105007607327659,-0.2714314437479368
11543,146.87285588571194,127.438052269358,Sea,East,39.62718476723538,7.971177699332452,7.770158330370349,7.994429554457528,0.22427122408717892
8360,122.9883947316323,360.3500820800243,Sea,Central,20.0,8.809449813569909,9.829908311447458,8.605162409108798,-1.2247459023386593
6560,91.09451981410308,607.3879808157245,Air,South,213.78412962945407,6.01684992533275,4.546113449975527,5.498135579605204,0.9520221296296771
8816,73.04840784121976,696.2846381270921,Road,East,181.29131573687388,8.25175939716365,6.778032621871855,7.675045300774561,0.8970126789027058
549,45.484670158221945,97.7419406225586,Air,West,20.0,5.036270231083709,2.503370547147239,3.91308288866703,1.409712341519791
2608,104.1118311524582,359.52850985017875,Road,West,153.1772750873859,8.684030592249247,7.833115626277674,6.664523400168902,-1.168592226108772
2620,77.80489602412223,1123.145277999265,Air,West,473.54488759464886,7.72136596894535,6.945824069053553,7.525020520121624,0.5791964510680705
4237,113.11833674295036,606.0723598707742,Sea,West,87.47856482534692,13.405581855086885,11.79062187841859,10.83708025024057,-0.9535416281780194
5795,95.60065557557576,543.0133800994415,Road,West,202.2835332559236,9.380701580132264,6.039638057379014,7.384408217079123,1.3447701597001096
8203,86.96265370672148,895.9844645366481,Road,South,169.99663775102096,10.343369078278446,6.269178958252784,8.540468871070502,2.2712899128177177
5230,99.86005541373368,177.96161260258762,Rail,West,96.16380789579983,5.63934349148311,5.36115506063921,5.708082230264889,0.3469271696256788
6322,125.96268114406256,290.9009799857055,Air,East,161.5563135035697,3.4000221490924805,4.5719351615923145,4.134775578890677,-0.43715958270163746
10511,106.59963397944142,318.2272072790872,Road,East,82.7873622876006,8.159420751155649,6.366639514754305,6.662148646835816,0.2955091320815111
3487,28.419989973423743,739.2913234525709,Road,North,156.82971387228469,4.764528218319528,5.547039693807609,6.35891992109889,0.8118802272912804
10853,129.71234632715624,245.588781997436,Rail,West,51.42630238104762,4.469365923377924,4.96928454939035,5.457846311106762,0.4885617617164115
8143,102.55494881062693,288.57748933748337,Rail,South,102.06028424324911,11.53343663543333,8.535444563182791,7.985871176444786,-0.5495733867380048
4333,216.9252654910792,154.94666202508154,Sea,West,20.0,7.472549384371758,6.942728499629305,7.578387260172603,0.635658760543298
5632,246.25446853834632,1078.2344865515345,Road,North,262.6498959896526,8.80697428098178,8.377753610340838,8.625637395233458,0.24788378489262008
11600,204.03322350676476,460.9792296070547,Road,South,71.54395886438144,5.483760055348381,8.413643915942952,5.693914825437662,-2.7197290905052904
9671,76.86445971006886,537.1095789501209,Rail,West,151.1647765544047,6.096769169626425,6.039582407513231,6.793534203397304,0.7539517958840722
3070,120.16701522564831,846.0886044993831,Sea,West,158.28448409400852,12.296115407548877,11.49486791311729,11.066351373396639,-0.4285165397206505
9853,88.11419666927522,718.6449435872361,Road,East,170.04807422514943,7.843721402121272,10.108063630500078,7.584595345131221,-2.5234682853688577
9962,78.82351639181864,194.79018035004552,Road,East,32.242780519482324,7.045498396415381,5.628500297506082,5.953360687095428,0.3248603895893458
5955,226.46114271850604,2500.0,Air,West,1037.4166893288382,14.383100497877416,12.666268632975456,13.427896886935628,0.761628253960172
5653,92.14150961040292,422.1752248460402,Air,South,191.63473991357017,4.4943524029738455,4.359833962549219,4.488365390971831,0.12853142842261178
6798,153.92691623801915,305.7622963790188,Air,North,132.88787242319955,5.055202557546737,5.379485741033416,4.544305621329633,-0.8351801197037831
6740,193.38277240799152,169.22261037700537,Road,North,49.12041789912167,5.937202276201624,4.549201090136347,5.281974443174496,0.7327733530381488
3088,299.7685804617661,561.4371652681456,Rail,East,58.56668425474422,11.36582904413044,11.41277816020103,8.960049915831462,-2.4527282443695686
1303,79.38731378550777,568.1169869242643,Air,East,286.4487181648627,3.7722761459597978,5.512941384372187,4.995332602563497,-0.5176087818086899
3570,139.46942862824116,150.64760414025656,Air,South,56.26153511828496,5.409553690911359,3.383986152470139,4.093446687470726,0.7094605350005869
5616,64.89351865792888,578.8401184536901,Road,Central,123.22353701797256,8.838616879043277,6.915829834269114,7.298561973308263,0.38273213903914893
3021,35.162981324976826,793.9251819355472,Air,East,364.87854206935975,6.0420752958228565,6.775135671380784,6.385519707762226,-0.3896159636185583
6779,149.07767637576578,280.5443013560109,Air,North,99.6552326276514,11.878131376285436,7.771165502112362,6.875656473465273,-0.8955090286470888
7825,182.77171317424808,1038.537077877559,Rail,Central,146.148953442886,7.446141672098318,8.298189606299768,8.547453538217223,0.24926393191745433
9222,137.97984207869249,1499.524704478765,Air,East,624.8531561498907,14.1511448291699,10.6306845752089,11.053726144675613,0.42304156946671334
9625,110.65685713359127,258.161361298611,Road,South,80.30817203368673,9.967678323233308,6.34335024415193,6.770003438116307,0.42665319396437695
11951,180.70019697340152,413.605676151533,Air,North,229.0328383756427,6.999536084347529,6.720641318702194,5.512123292935581,-1.2085180257666135
7387,18.598731073036525,461.2039186716791,Road,Central,111.70367865545605,11.45206517487199,9.054465421105633,7.923660479547036,-1.1308049415585968
8206,112.93976771135338,837.0834710222673,Air,North,332.285768145022,7.630641329522946,7.869894348911712,6.835708435091718,-1.0341859138199947
11778,72.63695257393236,534.5028089280685,Road,Central,176.61220231862856,7.233759244825638,7.150975866203206,6.627874754066232,-0.523101112136974
9432,70.41325267837647,933.0855142731411,Road,West,288.2243453741214,10.085564865515124,8.951437586673721,8.640255450613996,-0.3111821360597258
3208,82.47729234691316,578.4417685360643,Road,East,152.28553325208952,7.812910457225688,6.877334046971477,7.215498991749199,0.33816494477772263
10668,96.6929765577412,261.0081673766529,Road,West,26.575183415998023,9.021326414250384,5.5775118314714565,6.515641928622218,0.9381300971507613
7722,61.05281439873024,253.316567115877,Road,North,68.66281950487108,9.39343096414406,6.22766715714637,6.7335609576688125,0.5058938005224425
2527,117.99500684569831,414.1027618155131,Road,Central,88.82495140101437,9.138684420955755,5.965872874738764,6.972435406439138,1.0065625317003741
7706,123.0060491525801,378.4040646310549,Road,East,62.89469470047788,10.571748216193887,7.221612987742461,7.658316565719441,0.43670357797698056
2588,133.70651312882416,749.2111316393268,Rail,South,132.7523547706849,10.646626928291706,10.093567792458174,8.845252666308788,-1.248315126149386
2633,222.53981881689504,711.8260190619557,Rail,North,85.03710408448046,8.56724761996713,6.745766159212053,8.171247162999183,1.4254810037871302
7073,132.5565344466387,281.217634231236,Road,North,119.16223735681798,8.380247583037029,5.64802091569735,6.4448891446874335,0.7968682289900837
467,107.86060700151454,733.5660127836726,Road,Central,250.83193489144415,6.744770959566122,6.343663640475219,6.967554707712045,0.6238910672368263
6182,130.74413243836435,64.52481829317047,Road,North,20.0,3.1122713271367437,4.153413752834695,4.027285646217473,-0.1261281066172213
7310,92.02914388932548,663.811709849247,Air,Central,308.1525264185762,6.127069569648279,6.175615017559523,5.7909590060306035,-0.3846560115289197
9012,56.373285632648354,314.67341648902345,Air,North,165.2403225993489,6.255573343050905,5.573543728615913,5.008060438571385,-0.5654832900445284
106,84.2684735207564,336.930423915257,Air,South,157.60489501409646,7.665255711701014,4.331233866604451,5.383034932563967,1.0518010659595154
7204,162.7858968978112,502.4615178542881,Road,Central,66.66259335760701,8.406179545994126,6.21624908173699,6.929796827884887,0.7135477461478974
10596,124.49587814173196,195.0877132004515,Sea,East,20.0,8.271158684782726,7.761880994697764,8.2724617274284,0.5105807327306362
6778,95.3409986547326,777.617028968137,Air,Central,269.0346005973609,5.850203764109845,4.942544272395825,5.976953230722067,1.0344089583262424
5259,95.11964952151654,456.39524723286087,Air,Central,164.70381801292166,8.931788139813836,6.049351416988761,6.2289440212299425,0.17959260424118106
411,71.87840926341555,69.47132135574792,Air,Central,20.0,4.612301154313828,4.598748822871493,3.708643399623676,-0.8901054232478174
5804,174.57761611894094,153.82100442980308,Sea,South,20.0,6.970189560498389,7.739487570035592,7.328255194410712,-0.4112323756248797
10308,131.1213619159203,453.81739978843376,Sea,Central,55.962322939211845,9.100033556491407,9.645243069019584,8.948986827443555,-0.6962562415760285
10145,90.30197644717212,250.17545683070304,Road,West,87.3644952484099,9.75158206296144,5.699066844447194,6.754512457049041,1.0554456126018472
3467,120.22233298409606,1067.396890667877,Rail,West,244.18166692229588,10.38410995484935,9.253191898277274,9.656803333641694,0.4036114353644198
9193,67.01011697863922,354.1824756575713,Road,Central,111.47987672422184,13.112820919291472,8.918839200608451,8.228403780800893,-0.6904354198075584
5666,87.47417307005504,274.1455164976284,Road,West,44.4067766152308,5.776193671027564,4.317124361011052,5.411689992801614,1.0945656317905623
10169,44.25471665185995,539.4133560751258,Road,East,154.11466154124312,5.458940802482379,5.686021410400093,6.294269369113499,0.608247958713406
9960,125.10893584442546,533.3363098968615,Road,East,117.32977946566147,6.149769035390545,7.367675700037897,6.504646162907187,-0.8630295371307106
4093,196.6200906093852,1174.2582587256377,Road,Central,248.8280927472137,6.66321033648778,7.6502267107213715,8.046291719189863,0.3960650084684918
6733,267.6091231637097,558.336246006765,Sea,South,71.95272451311206,7.682889114739044,8.586000844643765,8.601377431592766,0.015376586949001236
5144,55.64286474642057,683.8613387645701,Air,South,220.90140122026008,3.3891450202828945,4.10343190623769,4.774722740818438,0.6712908345807485
5712,149.36625183558587,413.6671586450758,Air,East,153.04318744761036,8.814224383594269,5.3549145660227495,6.3464189982244905,0.991504432201741
6648,150.8318179620718,531.9177752934496,Road,West,140.8019940868641,9.152577649809448,6.756098823366354,7.2590876183712245,0.5029887950048701
9482,111.85568909901836,502.62729528989,Road,West,112.68757437764371,8.654511285851147,8.940713440656623,7.011156207877813,-1.9295572327788095
9774,77.9909894517963,133.2577105495119,Road,West,20.0,5.773892175613836,4.275214081765333,5.050497104390669,0.7752830226253353
1862,59.91262935376118,622.7829034566053,Road,North,120.99604799798438,10.210764112968285,7.857773183992454,7.96823625718713,0.1104630731946763
11134,180.12540060937636,270.55369715996375,Sea,East,28.505667389876283,9.113198089659944,8.199541006741127,8.753552878540837,0.5540118717997107
9056,174.71521629104308,692.6002947751075,Sea,Central,41.236251876988256,11.85339939594753,10.145966290307134,10.516055923989978,0.3700896336828432
4833,70.07039098135955,596.8869788172758,Air,North,291.5859874688754,6.110759896286902,5.319492817386428,5.690835143851961,0.3713423264655331
9627,98.9425459106747,520.0444113176102,Air,Central,211.0946458780268,6.090199756711911,6.514796108601011,5.397524414525703,-1.117271694075308
9021,94.06768974081228,509.1594014580425,Rail,Central,124.10415382452216,9.076666332099528,8.68480670052939,7.784485240343265,-0.9003214601861238
8504,144.52362073991654,212.1074311138004,Road,North,82.1833876840563,3.022495483024136,4.186167200613533,4.377874306854844,0.19170710624131093
29,70.73560052643369,138.55700181357506,Road,North,87.30191543397439,7.027012326551311,4.546922193533565,5.610714737044271,1.063792543510706
10154,128.77595554991876,141.87357096408675,Sea,West,20.0,10.85307277548559,10.976367641190956,8.746963396313491,-2.2294042448774647
11329,106.09111714848248,308.6350263007058,Road,North,89.04750522083933,7.645984412140276,4.843814136640092,6.255984886685965,1.4121707500458731
3931,105.3653476981534,728.7902309770731,Road,North,165.4964388758168,7.233765281888175,7.432001927446549,7.190532679203466,-0.24146924824308336
568,177.9599215853065,384.5244012727831,Rail,Central,85.1262169518775,7.981178520895573,5.352396780641036,7.0643757793398,1.711978998698764
5171,94.1953949936505,134.86701724129986,Road,East,48.01004577444198,4.71515235787993,5.78303766222622,4.981412711184836,-0.8016249510413838
5407,72.68288661630203,598.6466337483519,Road,East,95.73453197381482,8.720094806955872,7.204927425473003,7.579304745098464,0.37437731962546117
1245,148.5064853399479,339.046469659712,Rail,West,83.79439308050672,7.714488510710009,5.622764223235784,6.838628419068983,1.2158641958331993
5680,108.3511159625862,449.6639717702772,Road,South,113.0763551577093,6.48429033102514,8.185128583932629,6.036983611189456,-2.1481449727431734
11457,88.71372942946005,332.36986946963447,Air,South,117.6291081445418,3.6621946586390255,3.4784004699762843,3.957279204558486,0.47887873458220165
1458,193.77221533928616,223.5094851624904,Sea,North,20.0,8.330401757785648,7.595833223727658,8.153229898091869,0.5573966743642114
7370,162.50206047242798,828.8769886381098,Road,West,190.72668590778616,6.969279991620436,6.0788923880175645,7.251870680891411,1.1729782928738466
1835,163.06890411632006,203.3335296634332,Rail,West,20.0,5.545151269296591,4.765132309601087,5.719341223117654,0.9542089135165668
316,137.76283657125938,304.99680718698875,Road,South,92.78031628374002,6.858008049662619,7.799269593038389,5.793290128867439,-2.0059794641709496
108,110.1150650938398,793.8134046189248,Road,South,221.99006342674863,7.843877748727033,6.004075386313547,7.405611715030555,1.4015363287170084
3118,180.57777788545428,264.9185415597526,Road,South,91.98261821638124,5.651031280055067,6.288580228351371,5.26048803497848,-1.028092193372891
9264,94.14628049149334,293.35489953413145,Road,Central,114.1659937577661,6.367800784574072,5.883105622278354,5.69799807618567,-0.18510754609268343
6880,102.14136405054316,607.0793802486855,Road,West,160.46772060072843,5.894788622963589,4.580358569908557,6.314482173687308,1.7341236037787509
9016,183.42938066340992,261.91792367008384,Rail,North,27.48246160744285,6.583929871783433,5.593358911339368,6.3271091423332875,0.7337502309939197
11678,137.58141510963972,361.4869732940568,Air,East,96.18583024691335,5.124197748338384,3.1010071792175906,4.909627160082256,1.8086199808646657
11735,146.52996754395355,459.5076359749291,Air,West,146.82815451926783,8.277764133124112,5.332310968834114,5.976312503326453,0.6440015344923387
7713,68.07523884932623,180.22240640084036,Road,East,57.03789712903277,4.736072538387401,4.720943653390191,5.109239543951631,0.38829589056144
2664,109.0886459643328,474.3278187538408,Road,West,84.2448681571447,3.779112690403124,6.268728131679604,5.220945744308633,-1.0477823873709715
2680,43.55260042314203,363.2026242125906,Road,South,101.79172595220828,7.583572067356638,6.962792105104692,6.211610082730067,-0.7511820223746257
8187,67.91816476699657,1276.3252248798412,Road,Central,293.9770707219712,10.70567996830026,9.476243359749777,9.75287305539543,0.2766296956456529
3650,166.22773814401205,432.2266563862575,Road,West,151.93074308995227,8.907147552908572,8.85036797738341,6.918568461127257,-1.9317995162561532
9954,142.53572818759002,353.82843020835264,Rail,North,39.279866294193766,11.870851534975168,8.188171979561451,8.427860272329237,0.23968829276778614
2586,155.96840207685617,174.07405862127646,Sea,North,20.0,7.656328778648267,7.137443770516161,7.796002379452482,0.6585586089363211
8093,81.48173661318026,485.1750562489406,Road,Central,122.24087440530045,6.526373729764463,5.23770799353505,6.244604220810089,1.006896227275039
8840,168.6213928921118,128.48357587121816,Road,East,23.829038314470395,10.423259774365905,7.915832339999199,6.958241869228851,-0.9575904707703486
4850,39.07993316309343,339.6313409130825,Air,Central,182.25361156947392,2.1906786954186828,3.700587451031461,3.571997337671028,-0.12859011336043302
4952,231.12909322934607,373.5430865167563,Rail,South,86.928105084061,6.916542262615828,6.8658864732034655,6.557222488563649,-0.30866398463981604
7512,163.24660271602875,648.1478360315305,Sea,North,114.37032121859713,12.243441912374818,10.560898308608522,10.627230512524342,0.06633220391582029
3344,108.85972694021036,951.0225679467674,Rail,East,150.10822028744997,10.093327721157362,9.142919063860122,9.544399814919728,0.4014807510596068
973,63.934867793939546,143.98725645932868,Road,North,20.0,7.2218102960568995,7.603330092216426,5.684440541053437,-1.918889551162989
4918,139.5726059075529,513.2972399390104,Sea,West,75.22936251459853,9.97305873437547,9.752362292544593,9.388347510315835,-0.3640147822287574
9174,156.13076248318868,280.47600628988715,Sea,South,30.427880024240498,8.793033188857493,6.441789978539365,8.295616884832981,1.853826906293616
8339,298.50188201111416,450.1738718348644,Sea,West,20.0,8.962922980098963,8.884079573964785,8.841348034623651,-0.042731539341133384
3286,113.82117840184394,1831.883553972096,Rail,South,319.38952520126475,13.110230841238003,11.403356230307118,12.49457537196211,1.0912191416549923
4698,150.53414895007745,435.6897790158351,Rail,North,73.10133991262173,10.139721057734208,9.48474527139232,8.030881423317608,-1.4538638480747128
9376,95.91648231775116,621.6092153939281,Road,West,139.88000218887728,6.7232786739894985,6.4558901249733545,6.640780315951043,0.1848901909776881
5912,63.408364430845324,218.90325719837804,Rail,West,53.886429476177085,6.279993456963602,4.113719921782881,6.036839582229346,1.9231196604464653
1374,119.89670657596118,193.93681980233345,Road,South,23.467785408667584,8.819804922858317,7.556933596861346,6.193526215442915,-1.3634073814184307
10714,174.5721886097977,241.26170721313497,Road,Central,66.94130479173353,5.195445524142027,4.227798956149953,5.134674471290761,0.9068755151408077
8876,234.01869263804576,189.40662019850825,Sea,North,20.0,12.083349891640534,9.195437397005804,9.380435767043803,0.18499837003799868
10427,50.79047207485525,197.34729505016597,Rail,Central,20.0,0.761170229009065,5.58244912441314,4.058606367710308,-1.523842756702832
11851,59.90360696188747,352.4018972603415,Road,Central,83.1145721753861,3.83822369214988,5.605893186620275,4.959160659806413,-0.646732526813862
10,119.4207286760626,551.5074092599907,Sea,North,20.0,12.665589583448009,11.615934741839144,10.522912752564327,-1.093021989274817
4793,169.02120190183473,327.4188162794043,Rail,South,51.39307356319825,4.848294679451659,5.316267745931529,5.71661546913723,0.40034772320570156
2439,40.24453433883682,137.0269877229114,Road,North,25.884033891101573,1.8070751907529532,3.6487235217049294,3.766789012230037,0.11806549052510773
1426,122.8728783331321,453.0180094417455,Road,North,66.0496393476129,7.91363700311022,7.529449999464826,6.711558582986523,-0.8178914164783029
9693,27.262262855693933,281.9641172464957,Road,Central,129.4743470849073,2.78536150223058,4.972410092290185,4.421155058191248,-0.5512550340989373
6053,161.23744453068514,889.4282654152094,Rail,South,90.45621502901362,11.04210970973595,9.728032628058669,9.330858438736097,-0.39717418932257154
9573,91.92602739604212,192.37609189378333,Road,North,68.57795071167162,5.997694366677254,7.092824722723265,5.379809855428242,-1.7130148672950227
718,126.08150190076114,292.62534434599087,Rail,North,62.72783662082184,9.143696992667987,6.495413549462782,7.318876861424081,0.8234633119612988
4533,114.81050569257168,945.7388363926204,Road,South,216.58259188141747,7.712603432326366,8.731913654658872,7.744353546791691,-0.9875601078671803
10657,61.0111663242145,206.13178166306557,Road,East,60.71483393311364,5.002069688711298,5.649578733379507,5.270239416807657,-0.3793393165718504
5687,95.12807615094758,1333.3430697558213,Air,Central,546.4122643962003,8.804164444624835,7.573812312758735,8.468662425902618,0.8948501131438835
735,90.6467884419054,336.53482634055365,Road,Central,101.28982834976772,5.125209727160317,3.561796704961604,5.369492435811365,1.807695730849761
6475,123.09987311727508,784.7028093133359,Road,Central,216.72505867181889,8.793520762516097,6.271120502203875,7.811014337066844,1.5398938348629692
3524,55.246842266040304,643.7234005152209,Road,North,132.61687146165173,8.515019771992584,7.462495234324607,7.427468298169361,-0.03502693615524599
7889,82.1639044213669,461.519399435093,Air,South,239.0666497539873,0.9534559469628792,2.1931695595103013,3.351375793946974,1.1582062344366726
2140,110.4120018968654,886.5480730506839,Road,Central,259.8859976446023,12.963959970193264,8.79812038779139,9.544708581402457,0.7465881936110677
5157,64.05932964522589,674.1479454670554,Rail,West,81.55677919538604,6.677227357560362,7.202188972550365,7.338142818177123,0.13595384562675772
4766,53.10001142736001,416.4697097499077,Road,Central,117.714476668708,8.507083668792195,6.821245864615039,6.769982775457601,-0.05126308915743838
909,82.81887250993466,379.2128207777096,Air,South,187.33658042500872,7.753836427204296,5.570615359491076,5.5261674218978065,-0.04444793759326959
4520,69.35706206602126,306.9342590858454,Road,Central,39.87273450330135,10.64894987891442,10.299417373009776,7.231194540974079,-3.068222832035697
496,178.60405781581883,269.756124257486,Rail,East,79.57102658513173,4.406215753872146,6.1094410175011085,5.791479006346235,-0.3179620111548731
9586,167.34148027421395,423.9953935785725,Rail,North,50.44593098467118,6.003438366542458,7.052812912380941,6.540783426011069,-0.5120294863698716
5304,27.36421241019792,292.86019728695163,Air,East,157.14874894734675,7.358606158135089,4.724146948379476,5.545782254592382,0.8216353062129063
11830,140.05591997422837,599.5300362878801,Road,East,114.88602527054178,11.520028731951866,8.034777589161441,8.559070821349389,0.5242932321879472
6876,94.1221593112784,314.64234460924644,Road,North,112.22585658953945,11.912591898010552,7.598184635387877,7.776816484964001,0.17863184957612344
1206,112.60092732682116,639.9593158387661,Rail,West,90.98213191355096,9.361098446709128,7.846135856048676,8.189278883393161,0.3431430273444853
7176,130.58652949543398,424.4891435328736,Road,Central,126.66819469512058,6.974868380531408,7.610618284351282,6.24141517627996,-1.3692031080713214
4295,58.202188546728735,1604.151890881099,Road,South,403.63773639743874,13.968527142489354,13.254065379980348,11.653869788182309,-1.6001955917980393
7653,64.86480314706623,661.2305328951942,Road,Central,166.13237688859255,4.949504079877744,4.82969456331285,6.146477488944411,1.3167829256315615
1195,188.13629830879265,598.5414125244639,Air,Central,228.30249303067853,3.86718014236966,5.029392060163532,4.804703982016985,-0.22468807814654657
11877,111.79386757744358,629.8596618421968,Rail,East,20.0,7.696302263208246,7.437877141410344,7.865670293023583,0.4277931516132387
5421,192.66514663891715,573.5699970394703,Road,South,168.97787412802688,9.504143700343898,7.833658849365584,7.409704435739624,-0.4239544136259603
3855,40.668401858371226,268.497254390306,Road,North,70.91519227814831,8.668940074330722,6.434704531581818,6.520692511402384,0.08598797982056627
4414,59.88700265643538,451.46440255109474,Road,South,132.14826511744934,2.1721623419778995,4.33663721319293,4.534898877197856,0.19826166400492617
